Layer,Start,End,Label,Colour,Emphasis,Foot,Moment
,2026-09-09 22:39:02,2026-09-09 22:44:02,,,,merging,
,2026-09-09 20:38:12,2026-09-09 20:43:12,,,,merging,
,2026-09-09 17:53:11,2026-09-09 17:58:11,,,,merging,
,2026-09-09 16:32:28,2026-09-09 16:37:28,,,,merging,
,2026-09-09 12:58:38,2026-09-09 13:03:38,,,,merging,
,2026-09-09 12:07:28,2026-09-09 12:12:28,,,,merging,
,2026-09-09 11:58:58,2026-09-09 12:03:58,,,,merging,
,2026-09-09 11:36:40,2026-09-09 11:41:40,,,,merging,
,2026-09-09 07:26:29,2026-09-09 07:31:29,,,,merging,
,2026-09-09 07:23:53,2026-09-09 07:28:53,,,,merging,
,2026-09-08 18:21:52,2026-09-08 18:26:52,,,,merging,
,2026-09-08 17:52:59,2026-09-08 17:57:59,,,,merging,
,2026-09-08 16:48:06,2026-09-08 16:53:06,,,,merging,
,2026-09-08 15:16:34,2026-09-08 15:21:34,,,,merging,
,2026-09-08 15:14:01,2026-09-08 15:19:01,,,,merging,
,2026-09-08 13:21:45,2026-09-08 13:26:45,,,,merging,
,2026-09-08 10:33:10,2026-09-08 10:38:10,,,,merging,
,2026-09-08 08:30:02,2026-09-08 08:35:02,,,,merging,
,2026-09-08 08:30:01,2026-09-08 08:35:01,,,,merging,
,2026-09-08 08:29:50,2026-09-08 08:34:50,,,,merging,
,2026-09-08 08:27:01,2026-09-08 08:32:01,,,,merging,
,2026-09-08 08:26:41,2026-09-08 08:31:41,,,,merging,
,2026-09-08 08:24:27,2026-09-08 08:29:27,,,,merging,
,2026-09-08 08:24:10,2026-09-08 08:29:10,,,,merging,
,2026-09-08 08:23:54,2026-09-08 08:28:54,,,,merging,
,2026-09-08 06:39:55,2026-09-08 06:44:55,,,,merging,
,2026-09-08 00:27:28,2026-09-08 00:32:28,,,,merging,
,2026-09-07 19:20:03,2026-09-07 19:25:03,,,,merging,
,2026-09-07 18:28:03,2026-09-07 18:33:03,,,,merging,
,2026-09-07 18:18:20,2026-09-07 18:23:20,,,,merging,
,2026-09-07 18:18:19,2026-09-07 18:23:19,,,,merging,
,2026-09-07 18:13:31,2026-09-07 18:18:31,,,,merging,
,2026-09-07 18:01:10,2026-09-07 18:06:10,,,,merging,
,2026-09-07 17:59:51,2026-09-07 18:04:51,,,,merging,
,2026-09-07 17:50:14,2026-09-07 17:55:14,,,,merging,
,2026-09-07 15:16:57,2026-09-07 15:21:57,,,,merging,
,2026-09-07 08:40:12,2026-09-07 08:45:12,,,,merging,
,2026-09-07 08:38:42,2026-09-07 08:43:42,,,,merging,
,2026-09-07 08:36:12,2026-09-07 08:41:12,,,,merging,
,2026-09-07 08:28:44,2026-09-07 08:33:44,,,,merging,
,2026-09-07 08:28:13,2026-09-07 08:33:13,,,,merging,
,2026-09-07 08:25:22,2026-09-07 08:30:22,,,,merging,
,2026-09-07 08:23:42,2026-09-07 08:28:42,,,,merging,
,2026-09-07 08:21:58,2026-09-07 08:26:58,,,,merging,
,2026-09-07 08:19:44,2026-09-07 08:24:44,,,,merging,
,2026-09-07 08:10:57,2026-09-07 08:15:57,,,,merging,
,2026-09-07 03:07:59,2026-09-07 03:12:59,,,,merging,
,2026-09-07 02:37:25,2026-09-07 02:42:25,,,,merging,
,2026-09-07 02:37:07,2026-09-07 02:42:07,,,,merging,
,2026-09-06 20:39:44,2026-09-06 20:44:44,,,,merging,
,2026-09-06 20:34:01,2026-09-06 20:39:01,,,,merging,
,2026-09-06 18:24:12,2026-09-06 18:29:12,,,,merging,
,2026-09-06 18:16:52,2026-09-06 18:21:52,,,,merging,
,2026-09-06 16:04:01,2026-09-06 16:09:01,,,,merging,
,2026-09-06 15:27:00,2026-09-06 15:32:00,,,,merging,
,2026-09-06 12:16:00,2026-09-06 12:21:00,,,,merging,
,2026-09-06 12:10:13,2026-09-06 12:15:13,,,,merging,
,2026-09-06 11:24:49,2026-09-06 11:29:49,,,,merging,
,2026-09-06 11:18:34,2026-09-06 11:23:34,,,,merging,
,2026-09-06 11:18:32,2026-09-06 11:23:32,,,,merging,
,2026-09-06 11:18:27,2026-09-06 11:23:27,,,,merging,
,2026-09-06 11:18:25,2026-09-06 11:23:25,,,,merging,
,2026-09-06 11:18:22,2026-09-06 11:23:22,,,,merging,
,2026-09-06 11:18:19,2026-09-06 11:23:19,,,,merging,
,2026-09-06 11:18:15,2026-09-06 11:23:15,,,,merging,
,2026-09-06 11:12:09,2026-09-06 11:17:09,,,,merging,
,2026-09-06 11:12:07,2026-09-06 11:17:07,,,,merging,
,2026-09-06 11:10:02,2026-09-06 11:15:02,,,,merging,
,2026-09-06 11:09:57,2026-09-06 11:14:57,,,,merging,
,2026-09-06 11:09:53,2026-09-06 11:14:53,,,,merging,
,2026-09-06 11:09:50,2026-09-06 11:14:50,,,,merging,
,2026-09-06 11:09:46,2026-09-06 11:14:46,,,,merging,
,2026-09-06 08:19:00,2026-09-06 08:24:00,,,,merging,
,2026-09-06 08:15:40,2026-09-06 08:20:40,,,,merging,
,2026-09-06 08:10:57,2026-09-06 08:15:57,,,,merging,
,2026-09-06 08:09:09,2026-09-06 08:14:09,,,,merging,
,2026-09-06 08:07:39,2026-09-06 08:12:39,,,,merging,
,2026-09-06 07:50:48,2026-09-06 07:55:48,,,,merging,
,2026-09-06 00:20:20,2026-09-06 00:25:20,,,,merging,
,2026-09-05 20:11:52,2026-09-05 20:16:52,,,,merging,
,2026-09-05 20:04:58,2026-09-05 20:09:58,,,,merging,
,2026-09-05 18:53:15,2026-09-05 18:58:15,,,,merging,
,2026-09-05 18:50:29,2026-09-05 18:55:29,,,,merging,
,2026-09-05 18:41:14,2026-09-05 18:46:14,,,,merging,
,2026-09-05 18:25:31,2026-09-05 18:30:31,,,,merging,
,2026-09-05 18:22:42,2026-09-05 18:27:42,,,,merging,
,2026-09-05 18:06:54,2026-09-05 18:11:54,,,,merging,
,2026-09-05 18:03:33,2026-09-05 18:08:33,,,,merging,
,2026-09-05 18:01:08,2026-09-05 18:06:08,,,,merging,
,2026-09-05 13:41:02,2026-09-05 13:46:02,,,,merging,
,2026-09-05 13:32:45,2026-09-05 13:37:45,,,,merging,
,2026-09-05 12:55:39,2026-09-05 13:00:39,,,,merging,
,2026-09-05 12:55:36,2026-09-05 13:00:36,,,,merging,
,2026-09-05 12:13:43,2026-09-05 12:18:43,,,,merging,
,2026-09-05 12:02:45,2026-09-05 12:07:45,,,,merging,
,2026-09-05 11:53:19,2026-09-05 11:58:19,,,,merging,
,2026-09-05 10:22:39,2026-09-05 10:27:39,,,,merging,
,2026-09-05 09:43:37,2026-09-05 09:48:37,,,,merging,
,2026-09-05 09:21:17,2026-09-05 09:26:17,,,,merging,
,2026-09-05 09:15:43,2026-09-05 09:20:43,,,,merging,
,2026-09-05 07:56:44,2026-09-05 08:01:44,,,,merging,
,2026-09-05 07:55:49,2026-09-05 08:00:49,,,,merging,
,2026-09-05 07:55:25,2026-09-05 08:00:25,,,,merging,
,2026-09-05 07:55:04,2026-09-05 08:00:04,,,,merging,
,2026-09-05 07:51:42,2026-09-05 07:56:42,,,,merging,
,2026-09-05 07:51:35,2026-09-05 07:56:35,,,,merging,
,2026-09-05 06:54:52,2026-09-05 06:59:52,,,,merging,
,2026-09-05 06:54:48,2026-09-05 06:59:48,,,,merging,
,2026-09-05 06:51:38,2026-09-05 06:56:38,,,,merging,
,2026-09-05 06:48:44,2026-09-05 06:53:44,,,,merging,
,2026-09-05 06:48:32,2026-09-05 06:53:32,,,,merging,
,2026-09-05 06:40:15,2026-09-05 06:45:15,,,,merging,
,2026-09-05 02:06:25,2026-09-05 02:11:25,,,,merging,
,2026-09-04 20:08:52,2026-09-04 20:13:52,,,,merging,
,2026-09-04 18:27:38,2026-09-04 18:32:38,,,,merging,
,2026-09-04 18:27:18,2026-09-04 18:32:18,,,,merging,
,2026-09-04 17:54:33,2026-09-04 17:59:33,,,,merging,
,2026-09-04 17:00:01,2026-09-04 17:05:01,,,,merging,
,2026-09-04 16:52:42,2026-09-04 16:57:42,,,,merging,
,2026-09-04 16:09:56,2026-09-04 16:14:56,,,,merging,
,2026-09-04 16:09:11,2026-09-04 16:14:11,,,,merging,
,2026-09-04 16:02:37,2026-09-04 16:07:37,,,,merging,
,2026-09-04 14:44:47,2026-09-04 14:49:47,,,,merging,
,2026-09-04 14:41:06,2026-09-04 14:46:06,,,,merging,
,2026-09-04 14:09:37,2026-09-04 14:14:37,,,,merging,
,2026-09-04 13:50:02,2026-09-04 13:55:02,,,,merging,
,2026-09-04 12:09:35,2026-09-04 12:14:35,,,,merging,
,2026-09-04 11:13:29,2026-09-04 11:18:29,,,,merging,
,2026-09-04 09:04:24,2026-09-04 09:09:24,,,,merging,
,2026-09-04 09:04:21,2026-09-04 09:09:21,,,,merging,
,2026-09-04 07:46:20,2026-09-04 07:51:20,,,,merging,
,2026-09-04 07:45:56,2026-09-04 07:50:56,,,,merging,
,2026-09-04 07:36:06,2026-09-04 07:41:06,,,,merging,
,2026-09-03 18:38:31,2026-09-03 18:43:31,,,,merging,
,2026-09-03 17:48:38,2026-09-03 17:53:38,,,,merging,
,2026-09-03 16:30:51,2026-09-03 16:35:51,,,,merging,
,2026-09-03 16:28:37,2026-09-03 16:33:37,,,,merging,
,2026-09-03 16:26:55,2026-09-03 16:31:55,,,,merging,
,2026-09-03 16:26:23,2026-09-03 16:31:23,,,,merging,
,2026-09-03 16:13:34,2026-09-03 16:18:34,,,,merging,
,2026-09-03 15:16:04,2026-09-03 15:21:04,,,,merging,
,2026-09-03 15:08:42,2026-09-03 15:13:42,,,,merging,
,2026-09-03 12:41:24,2026-09-03 12:46:24,,,,merging,
,2026-09-03 08:22:12,2026-09-03 08:27:12,,,,merging,
,2026-09-03 08:02:13,2026-09-03 08:07:13,,,,merging,
,2026-09-03 07:58:58,2026-09-03 08:03:58,,,,merging,
,2026-09-03 07:58:48,2026-09-03 08:03:48,,,,merging,
,2026-09-03 07:41:40,2026-09-03 07:46:40,,,,merging,
,2026-09-02 18:45:18,2026-09-02 18:50:18,,,,merging,
,2026-09-02 18:14:26,2026-09-02 18:19:26,,,,merging,
,2026-09-02 14:47:08,2026-09-02 14:52:08,,,,merging,
,2026-09-02 10:54:34,2026-09-02 10:59:34,,,,merging,
,2026-09-02 07:35:34,2026-09-02 07:40:34,,,,merging,
,2026-09-02 07:04:32,2026-09-02 07:09:32,,,,merging,
,2026-09-02 01:04:22,2026-09-02 01:09:22,,,,merging,
,2026-09-01 23:58:16,2026-09-02 00:03:16,,,,merging,
,2026-09-01 23:08:10,2026-09-01 23:13:10,,,,merging,
,2026-09-01 20:21:22,2026-09-01 20:26:22,,,,merging,
,2026-09-01 20:03:38,2026-09-01 20:08:38,,,,merging,
,2026-09-01 15:51:31,2026-09-01 15:56:31,,,,merging,
,2026-09-01 13:47:06,2026-09-01 13:52:06,,,,merging,
,2026-09-01 13:16:35,2026-09-01 13:21:35,,,,merging,
,2026-09-01 12:30:23,2026-09-01 12:35:23,,,,merging,
,2026-09-01 12:14:34,2026-09-01 12:19:34,,,,merging,
,2026-09-01 11:34:08,2026-09-01 11:39:08,,,,merging,
,2026-09-01 10:59:37,2026-09-01 11:04:37,,,,merging,
,2026-09-01 10:00:46,2026-09-01 10:05:46,,,,merging,
,2026-09-01 09:25:55,2026-09-01 09:30:55,,,,merging,
,2026-09-01 07:36:01,2026-09-01 07:41:01,,,,merging,
,2026-09-01 07:20:47,2026-09-01 07:25:47,,,,merging,
,2026-08-31 19:32:39,2026-08-31 19:37:39,,,,merging,
,2026-08-31 17:57:17,2026-08-31 18:02:17,,,,merging,
,2026-08-31 02:34:25,2026-08-31 02:39:25,,,,merging,
,2026-08-30 17:52:59,2026-08-30 17:57:59,,,,merging,
,2026-08-30 16:55:12,2026-08-30 17:00:12,,,,merging,
,2026-08-30 15:56:17,2026-08-30 16:01:17,,,,merging,
,2026-08-30 13:05:05,2026-08-30 13:10:05,,,,merging,
,2026-08-30 12:17:24,2026-08-30 12:22:24,,,,merging,
,2026-08-30 05:07:54,2026-08-30 05:12:54,,,,merging,
,2026-08-29 23:11:58,2026-08-29 23:16:58,,,,merging,
,2026-08-29 20:13:11,2026-08-29 20:18:11,,,,merging,
,2026-08-29 17:06:44,2026-08-29 17:11:44,,,,merging,
,2026-08-29 16:05:14,2026-08-29 16:10:14,,,,merging,
,2026-08-29 14:35:20,2026-08-29 14:40:20,,,,merging,
,2026-08-29 11:59:29,2026-08-29 12:04:29,,,,merging,
,2026-08-29 06:51:59,2026-08-29 06:56:59,,,,merging,
,2026-08-29 06:46:50,2026-08-29 06:51:50,,,,merging,
,2026-08-28 16:51:00,2026-08-28 16:56:00,,,,merging,
,2026-08-28 15:43:44,2026-08-28 15:48:44,,,,merging,
,2026-08-28 15:43:43,2026-08-28 15:48:43,,,,merging,
,2026-08-28 15:42:45,2026-08-28 15:47:45,,,,merging,
,2026-08-28 14:50:15,2026-08-28 14:55:15,,,,merging,
,2026-08-28 14:44:11,2026-08-28 14:49:11,,,,merging,
,2026-08-28 13:46:54,2026-08-28 13:51:54,,,,merging,
,2026-08-28 12:58:47,2026-08-28 13:03:47,,,,merging,
,2026-08-28 12:04:20,2026-08-28 12:09:20,,,,merging,
,2026-08-28 11:20:39,2026-08-28 11:25:39,,,,merging,
,2026-08-28 08:30:41,2026-08-28 08:35:41,,,,merging,
,2026-08-27 21:21:20,2026-08-27 21:26:20,,,,merging,
,2026-08-27 20:57:33,2026-08-27 21:02:33,,,,merging,
,2026-08-27 18:26:14,2026-08-27 18:31:14,,,,merging,
,2026-08-27 18:26:13,2026-08-27 18:31:13,,,,merging,
,2026-08-27 02:00:49,2026-08-27 02:05:49,,,,merging,
,2026-08-26 18:53:44,2026-08-26 18:58:44,,,,merging,
,2026-08-26 18:38:27,2026-08-26 18:43:27,,,,merging,
,2026-08-26 17:56:41,2026-08-26 18:01:41,,,,merging,
,2026-08-26 17:56:41,2026-08-26 18:01:41,,,,merging,
,2026-08-26 17:56:40,2026-08-26 18:01:40,,,,merging,
,2026-08-26 17:50:57,2026-08-26 17:55:57,,,,merging,
,2026-08-26 17:42:15,2026-08-26 17:47:15,,,,merging,
,2026-08-26 17:42:15,2026-08-26 17:47:15,,,,merging,
,2026-08-26 14:08:36,2026-08-26 14:13:36,,,,merging,
,2026-08-26 07:31:35,2026-08-26 07:36:35,,,,merging,
,2026-08-26 01:59:17,2026-08-26 02:04:17,,,,merging,
,2026-08-25 17:31:12,2026-08-25 17:36:12,,,,merging,
,2026-08-25 15:37:01,2026-08-25 15:42:01,,,,merging,
,2026-08-25 13:33:42,2026-08-25 13:38:42,,,,merging,
,2026-08-25 12:40:59,2026-08-25 12:45:59,,,,merging,
,2026-08-25 08:47:40,2026-08-25 08:52:40,,,,merging,
,2026-08-25 08:46:08,2026-08-25 08:51:08,,,,merging,
,2026-08-25 00:21:45,2026-08-25 00:26:45,,,,merging,
,2026-08-24 19:56:53,2026-08-24 20:01:53,,,,merging,
,2026-08-24 19:16:26,2026-08-24 19:21:26,,,,merging,
,2026-08-24 19:07:32,2026-08-24 19:12:32,,,,merging,
,2026-08-24 18:55:21,2026-08-24 19:00:21,,,,merging,
,2026-08-24 15:20:39,2026-08-24 15:25:39,,,,merging,
,2026-08-24 07:38:58,2026-08-24 07:43:58,,,,merging,
,2026-08-24 07:38:56,2026-08-24 07:43:56,,,,merging,
,2026-08-24 07:38:53,2026-08-24 07:43:53,,,,merging,
,2026-08-23 22:59:44,2026-08-23 23:04:44,,,,merging,
,2026-08-23 21:58:45,2026-08-23 22:03:45,,,,merging,
,2026-08-23 20:14:19,2026-08-23 20:19:19,,,,merging,
,2026-08-23 20:01:47,2026-08-23 20:06:47,,,,merging,
,2026-08-23 19:57:06,2026-08-23 20:02:06,,,,merging,
,2026-08-23 18:37:32,2026-08-23 18:42:32,,,,merging,
,2026-08-23 14:32:59,2026-08-23 14:37:59,,,,merging,
,2026-08-23 08:41:44,2026-08-23 08:46:44,,,,merging,
,2026-08-23 08:39:48,2026-08-23 08:44:48,,,,merging,
,2026-08-23 08:29:47,2026-08-23 08:34:47,,,,merging,
,2026-08-23 04:55:25,2026-08-23 05:00:25,,,,merging,
,2026-08-22 12:29:45,2026-08-22 12:34:45,,,,merging,
,2026-08-22 11:06:09,2026-08-22 11:11:09,,,,merging,
,2026-08-22 11:03:56,2026-08-22 11:08:56,,,,merging,
,2026-08-22 09:48:32,2026-08-22 09:53:32,,,,merging,
,2026-08-22 09:26:36,2026-08-22 09:31:36,,,,merging,
,2026-08-22 08:19:02,2026-08-22 08:24:02,,,,merging,
,2026-08-22 07:11:28,2026-08-22 07:16:28,,,,merging,
,2026-08-22 06:35:49,2026-08-22 06:40:49,,,,merging,
,2026-08-22 06:35:45,2026-08-22 06:40:45,,,,merging,
,2026-08-22 06:34:00,2026-08-22 06:39:00,,,,merging,
,2026-08-22 06:31:12,2026-08-22 06:36:12,,,,merging,
,2026-08-21 23:38:43,2026-08-21 23:43:43,,,,merging,
,2026-08-21 23:38:34,2026-08-21 23:43:34,,,,merging,
,2026-08-21 20:21:21,2026-08-21 20:26:21,,,,merging,
,2026-08-21 14:11:50,2026-08-21 14:16:50,,,,merging,
,2026-08-21 14:11:17,2026-08-21 14:16:17,,,,merging,
,2026-08-21 11:43:24,2026-08-21 11:48:24,,,,merging,
,2026-08-21 10:51:32,2026-08-21 10:56:32,,,,merging,
,2026-08-21 10:51:32,2026-08-21 10:56:32,,,,merging,
,2026-08-21 10:50:01,2026-08-21 10:55:01,,,,merging,
,2026-08-21 09:41:57,2026-08-21 09:46:57,,,,merging,
,2026-08-20 20:43:00,2026-08-20 20:48:00,,,,merging,
,2026-08-20 19:51:10,2026-08-20 19:56:10,,,,merging,
,2026-08-20 19:41:43,2026-08-20 19:46:43,,,,merging,
,2026-08-20 15:46:40,2026-08-20 15:51:40,,,,merging,
,2026-08-20 14:29:50,2026-08-20 14:34:50,,,,merging,
,2026-08-20 14:08:44,2026-08-20 14:13:44,,,,merging,
,2026-08-20 10:25:37,2026-08-20 10:30:37,,,,merging,
,2026-08-20 09:46:49,2026-08-20 09:51:49,,,,merging,
,2026-08-20 09:36:52,2026-08-20 09:41:52,,,,merging,
,2026-08-20 09:16:35,2026-08-20 09:21:35,,,,merging,
,2026-08-20 07:55:25,2026-08-20 08:00:25,,,,merging,
,2026-08-20 07:55:24,2026-08-20 08:00:24,,,,merging,
,2026-08-20 07:55:24,2026-08-20 08:00:24,,,,merging,
,2026-08-20 07:55:23,2026-08-20 08:00:23,,,,merging,
,2026-08-20 07:55:22,2026-08-20 08:00:22,,,,merging,
,2026-08-20 07:55:22,2026-08-20 08:00:22,,,,merging,
,2026-08-19 18:52:31,2026-08-19 18:57:31,,,,merging,
,2026-08-19 18:52:19,2026-08-19 18:57:19,,,,merging,
,2026-08-19 18:18:54,2026-08-19 18:23:54,,,,merging,
,2026-08-19 16:58:16,2026-08-19 17:03:16,,,,merging,
,2026-08-19 16:38:11,2026-08-19 16:43:11,,,,merging,
,2026-08-19 15:22:13,2026-08-19 15:27:13,,,,merging,
,2026-08-19 14:59:50,2026-08-19 15:04:50,,,,merging,
,2026-08-19 13:23:51,2026-08-19 13:28:51,,,,merging,
,2026-08-19 13:17:49,2026-08-19 13:22:49,,,,merging,
,2026-08-19 13:01:39,2026-08-19 13:06:39,,,,merging,
,2026-08-19 13:01:38,2026-08-19 13:06:38,,,,merging,
,2026-08-19 13:01:38,2026-08-19 13:06:38,,,,merging,
,2026-08-19 13:01:37,2026-08-19 13:06:37,,,,merging,
,2026-08-19 13:01:36,2026-08-19 13:06:36,,,,merging,
,2026-08-19 13:01:35,2026-08-19 13:06:35,,,,merging,
,2026-08-18 22:36:04,2026-08-18 22:41:04,,,,merging,
,2026-08-18 17:39:14,2026-08-18 17:44:14,,,,merging,
,2026-08-18 07:52:26,2026-08-18 07:57:26,,,,merging,
,2026-08-18 07:46:17,2026-08-18 07:51:17,,,,merging,
,2026-08-18 07:46:12,2026-08-18 07:51:12,,,,merging,
,2026-08-17 18:25:58,2026-08-17 18:30:58,,,,merging,
,2026-08-17 18:24:32,2026-08-17 18:29:32,,,,merging,
,2026-08-17 13:25:59,2026-08-17 13:30:59,,,,merging,
,2026-08-17 07:44:07,2026-08-17 07:49:07,,,,merging,
,2026-08-17 07:43:21,2026-08-17 07:48:21,,,,merging,
,2026-08-17 07:42:52,2026-08-17 07:47:52,,,,merging,
,2026-08-17 07:42:25,2026-08-17 07:47:25,,,,merging,
,2026-08-17 05:43:02,2026-08-17 05:48:02,,,,merging,
,2026-08-16 20:39:53,2026-08-16 20:44:53,,,,merging,
,2026-08-16 18:03:07,2026-08-16 18:08:07,,,,merging,
,2026-08-16 16:03:51,2026-08-16 16:08:51,,,,merging,
,2026-08-16 10:37:51,2026-08-16 10:42:51,,,,merging,
,2026-08-16 03:10:39,2026-08-16 03:15:39,,,,merging,
,2026-08-15 22:07:36,2026-08-15 22:12:36,,,,merging,
,2026-08-15 14:39:55,2026-08-15 14:44:55,,,,merging,
,2026-08-15 07:35:09,2026-08-15 07:40:09,,,,merging,
,2026-08-15 07:15:35,2026-08-15 07:20:35,,,,merging,
,2026-08-15 07:15:03,2026-08-15 07:20:03,,,,merging,
,2026-08-14 19:03:19,2026-08-14 19:08:19,,,,merging,
,2026-08-14 18:18:36,2026-08-14 18:23:36,,,,merging,
,2026-08-14 17:18:49,2026-08-14 17:23:49,,,,merging,
,2026-08-14 16:56:06,2026-08-14 17:01:06,,,,merging,
,2026-08-14 16:56:05,2026-08-14 17:01:05,,,,merging,
,2026-08-14 16:27:04,2026-08-14 16:32:04,,,,merging,
,2026-08-14 14:01:53,2026-08-14 14:06:53,,,,merging,
,2026-08-14 10:48:16,2026-08-14 10:53:16,,,,merging,
,2026-08-14 10:48:08,2026-08-14 10:53:08,,,,merging,
,2026-08-14 08:23:08,2026-08-14 08:28:08,,,,merging,
,2026-08-14 07:37:11,2026-08-14 07:42:11,,,,merging,
,2026-08-14 07:15:45,2026-08-14 07:20:45,,,,merging,
,2026-08-13 20:13:00,2026-08-13 20:18:00,,,,merging,
,2026-08-13 18:28:02,2026-08-13 18:33:02,,,,merging,
,2026-08-13 09:31:20,2026-08-13 09:36:20,,,,merging,
,2026-08-13 09:25:44,2026-08-13 09:30:44,,,,merging,
,2026-08-12 16:15:36,2026-08-12 16:20:36,,,,merging,
,2026-08-12 15:26:01,2026-08-12 15:31:01,,,,merging,
,2026-08-12 14:40:55,2026-08-12 14:45:55,,,,merging,
,2026-08-12 13:36:14,2026-08-12 13:41:14,,,,merging,
,2026-08-12 07:14:56,2026-08-12 07:19:56,,,,merging,
,2026-08-12 00:58:16,2026-08-12 01:03:16,,,,merging,
,2026-08-11 23:22:35,2026-08-11 23:27:35,,,,merging,
,2026-08-11 20:56:25,2026-08-11 21:01:25,,,,merging,
,2026-08-11 19:36:19,2026-08-11 19:41:19,,,,merging,
,2026-08-11 16:29:32,2026-08-11 16:34:32,,,,merging,
,2026-08-11 12:01:46,2026-08-11 12:06:46,,,,merging,
,2026-08-11 07:36:30,2026-08-11 07:41:30,,,,merging,
,2026-08-10 13:37:50,2026-08-10 13:42:50,,,,merging,
,2026-08-10 07:57:10,2026-08-10 08:02:10,,,,merging,
,2026-08-10 07:20:20,2026-08-10 07:25:20,,,,merging,
,2026-08-10 06:50:17,2026-08-10 06:55:17,,,,merging,
,2026-08-09 18:19:26,2026-08-09 18:24:26,,,,merging,
,2026-08-09 15:04:53,2026-08-09 15:09:53,,,,merging,
,2026-08-09 10:46:47,2026-08-09 10:51:47,,,,merging,
,2026-08-09 10:44:59,2026-08-09 10:49:59,,,,merging,
,2026-08-09 10:17:59,2026-08-09 10:22:59,,,,merging,
,2026-08-09 01:51:59,2026-08-09 01:56:59,,,,merging,
#23783,2026-09-07 19:34:33,2026-09-10 00:00:00,#23783 More deprecations,Library/Homebrew,1,,
#23783,2026-09-07 19:34:33,2026-09-07 19:34:33,#23783 More deprecations,Library/Homebrew,2,,commit
#23783,2026-09-07 19:35:48,2026-09-07 19:35:48,#23783 More deprecations,Library/Homebrew,2,,commit
#23867,2026-09-07 05:06:54,2026-09-10 00:00:00,#23867 tests: run brew.sh smoke checks in the test pref,Library/Homebrew/test,1,,
#23867,2026-09-07 05:06:54,2026-09-07 05:06:54,#23867 tests: run brew.sh smoke checks in the test pref,Library/Homebrew/test,2,,commit
#23948,2026-08-12 12:28:33,2026-09-10 00:00:00,#23948 cask/utils: check ownership before using sudo ch,Library/Homebrew/cask,1,,
#23948,2026-08-12 12:28:33,2026-08-12 12:28:33,#23948 cask/utils: check ownership before using sudo ch,Library/Homebrew/cask,2,,commit
#23906,2026-09-09 02:24:22,2026-09-10 00:00:00,#23906 formula_cellar_checks: flag prebuilt executables,Library/Homebrew/extend,1,,
#23906,2026-09-09 02:24:22,2026-09-09 02:24:22,#23906 formula_cellar_checks: flag prebuilt executables,Library/Homebrew/extend,2,,commit
#23915,2026-09-09 06:47:13,2026-09-10 00:00:00,#23915 Run stale PR approvals with standalone Ruby,.github/scripts,1,,
#23915,2026-09-09 06:47:13,2026-09-09 06:47:13,#23915 Run stale PR approvals with standalone Ruby,.github/scripts,2,,commit
#23904,2026-09-09 07:32:27,2026-09-10 00:00:00,#23904 diagnostic: indent all findings equally,Library/Homebrew/extend,1,,
#23904,2026-09-09 07:32:27,2026-09-09 07:32:27,#23904 diagnostic: indent all findings equally,Library/Homebrew/extend,2,,commit
#23914,2026-09-09 20:42:54,2026-09-10 00:00:00,#23914 bump-formula-pr: support bumping resource using ,Library/Homebrew/dev-cmd,1,,
#23914,2026-09-09 20:42:54,2026-09-09 20:42:54,#23914 bump-formula-pr: support bumping resource using ,Library/Homebrew/dev-cmd,2,,commit
#23908,2026-09-09 14:26:18,2026-09-09 22:44:02,#23908 rubocops/cask: reject disallowed uninstall and z,Library/Homebrew/rubocops,1,,
#23908,2026-09-09 22:44:02,2026-09-09 22:44:02,#23908 rubocops/cask: reject disallowed uninstall and z,Library/Homebrew/rubocops,2,,merge
#23908,2026-09-09 14:26:18,2026-09-09 14:26:18,#23908 rubocops/cask: reject disallowed uninstall and z,Library/Homebrew/rubocops,2,,commit
#23910,2026-09-09 16:41:14,2026-09-09 20:43:12,#23910 test_bot: source-building more deps on Linux,Library/Homebrew/extend,1,,
#23910,2026-09-09 20:43:12,2026-09-09 20:43:12,#23910 test_bot: source-building more deps on Linux,Library/Homebrew/extend,2,,merge
#23910,2026-09-09 16:41:14,2026-09-09 16:41:14,#23910 test_bot: source-building more deps on Linux,Library/Homebrew/extend,2,,commit
#23909,2026-09-09 15:42:42,2026-09-09 17:58:11,#23909 Adjust macOS subprocess policy,Library/Homebrew/extend,1,,
#23909,2026-09-09 17:58:11,2026-09-09 17:58:11,#23909 Adjust macOS subprocess policy,Library/Homebrew/extend,2,,merge
#23909,2026-09-09 15:42:42,2026-09-09 15:42:42,#23909 Adjust macOS subprocess policy,Library/Homebrew/extend,2,,commit
#23901,2026-09-08 19:56:09,2026-09-09 16:37:28,#23901 cask: hoist OS sha256 and sort depends_on,Library/Homebrew/rubocops,1,,
#23901,2026-09-09 16:37:28,2026-09-09 16:37:28,#23901 cask: hoist OS sha256 and sort depends_on,Library/Homebrew/rubocops,2,,merge
#23901,2026-09-08 19:56:09,2026-09-08 19:56:09,#23901 cask: hoist OS sha256 and sort depends_on,Library/Homebrew/rubocops,2,,commit
#23907,2026-09-09 12:40:45,2026-09-09 13:03:38,#23907 Adjust macOS subprocess policy,Library/Homebrew/extend,1,,
#23907,2026-09-09 13:03:38,2026-09-09 13:03:38,#23907 Adjust macOS subprocess policy,Library/Homebrew/extend,2,,merge
#23907,2026-09-09 12:40:45,2026-09-09 12:40:45,#23907 Adjust macOS subprocess policy,Library/Homebrew/extend,2,,commit
#23884,2026-09-08 00:13:45,2026-09-09 12:12:28,#23884 Allow limiting total build-from-source dependent,Library/Homebrew/dev-cmd,1,,
#23884,2026-09-09 12:12:28,2026-09-09 12:12:28,#23884 Allow limiting total build-from-source dependent,Library/Homebrew/dev-cmd,2,,merge
#23884,2026-09-08 00:13:45,2026-09-08 00:13:45,#23884 Allow limiting total build-from-source dependent,Library/Homebrew/dev-cmd,2,,commit
#23884,2026-09-08 15:30:55,2026-09-08 15:30:55,#23884 Allow limiting total build-from-source dependent,Library/Homebrew/dev-cmd,2,,commit
#23884,2026-09-08 16:54:03,2026-09-08 16:54:03,#23884 Allow limiting total build-from-source dependent,Library/Homebrew/dev-cmd,2,,commit
#23884,2026-09-08 17:53:03,2026-09-08 17:53:03,#23884 Allow limiting total build-from-source dependent,Library/Homebrew/dev-cmd,2,,commit
#23905,2026-09-09 10:44:00,2026-09-09 12:03:58,#23905 Ignore uv executable entries in Bundle,Library/Homebrew/bundle,1,,
#23905,2026-09-09 12:03:58,2026-09-09 12:03:58,#23905 Ignore uv executable entries in Bundle,Library/Homebrew/bundle,2,,merge
#23905,2026-09-09 10:44:00,2026-09-09 10:44:00,#23905 Ignore uv executable entries in Bundle,Library/Homebrew/bundle,2,,commit
#23900,2026-09-08 18:20:48,2026-09-09 11:41:40,#23900 shellenv: prioritise Homebrew across shells,Library/Homebrew/cmd,1,,
#23900,2026-09-09 11:41:40,2026-09-09 11:41:40,#23900 shellenv: prioritise Homebrew across shells,Library/Homebrew/cmd,2,,merge
#23900,2026-09-08 18:20:48,2026-09-08 18:20:48,#23900 shellenv: prioritise Homebrew across shells,Library/Homebrew/cmd,2,,commit
#23903,2026-09-09 02:00:38,2026-09-09 07:31:29,#23903 advisory-match: protect reviewed ranges,Library/Homebrew/dev-cmd,1,,
#23903,2026-09-09 07:31:29,2026-09-09 07:31:29,#23903 advisory-match: protect reviewed ranges,Library/Homebrew/dev-cmd,2,,merge
#23903,2026-09-09 02:00:38,2026-09-09 02:00:38,#23903 advisory-match: protect reviewed ranges,Library/Homebrew/dev-cmd,2,,commit
#23902,2026-09-08 22:57:34,2026-09-09 07:28:53,#23902 cask: allow identical macOS sha256 with Linux,Library/Homebrew/rubocops,1,,
#23902,2026-09-09 07:28:53,2026-09-09 07:28:53,#23902 cask: allow identical macOS sha256 with Linux,Library/Homebrew/rubocops,2,,merge
#23902,2026-09-08 22:57:34,2026-09-08 22:57:34,#23902 cask: allow identical macOS sha256 with Linux,Library/Homebrew/rubocops,2,,commit
#23902,2026-09-09 01:29:41,2026-09-09 01:29:41,#23902 cask: allow identical macOS sha256 with Linux,Library/Homebrew/rubocops,2,,commit
#23898,2026-09-08 16:33:24,2026-09-08 18:26:52,#23898 bump: autobump partially disabled packages,Library/Homebrew,1,,
#23898,2026-09-08 18:26:52,2026-09-08 18:26:52,#23898 bump: autobump partially disabled packages,Library/Homebrew,2,,merge
#23898,2026-09-08 16:33:24,2026-09-08 16:33:24,#23898 bump: autobump partially disabled packages,Library/Homebrew,2,,commit
#23886,2026-09-08 01:17:30,2026-09-08 17:57:59,#23886 Move Cask CI helpers into brew,Library/Homebrew/cask,1,,
#23886,2026-09-08 17:57:59,2026-09-08 17:57:59,#23886 Move Cask CI helpers into brew,Library/Homebrew/cask,2,,merge
#23886,2026-09-08 01:17:30,2026-09-08 01:17:30,#23886 Move Cask CI helpers into brew,Library/Homebrew/cask,2,,commit
#23896,2026-09-08 13:26:52,2026-09-08 16:53:06,#23896 Fix SSH Python resource updates in the sandbox,Library/Homebrew/utils,1,,
#23896,2026-09-08 16:53:06,2026-09-08 16:53:06,#23896 Fix SSH Python resource updates in the sandbox,Library/Homebrew/utils,2,,merge
#23896,2026-09-08 13:26:52,2026-09-08 13:26:52,#23896 Fix SSH Python resource updates in the sandbox,Library/Homebrew/utils,2,,commit
#23853,2026-09-06 18:33:02,2026-09-08 15:21:34,#23853 Show red ⊘ for packages that can't be installed ,Library/Homebrew/cask,1,,
#23853,2026-09-08 15:21:34,2026-09-08 15:21:34,#23853 Show red ⊘ for packages that can't be installed ,Library/Homebrew/cask,2,,merge
#23853,2026-09-06 18:33:02,2026-09-06 18:33:02,#23853 Show red ⊘ for packages that can't be installed ,Library/Homebrew/cask,2,,commit
#23897,2026-09-08 13:58:31,2026-09-08 15:19:01,#23897 Narrow `mkdir_p` sandbox write permissions,Library/Homebrew,1,,
#23897,2026-09-08 15:19:01,2026-09-08 15:19:01,#23897 Narrow `mkdir_p` sandbox write permissions,Library/Homebrew,2,,merge
#23897,2026-09-08 13:58:31,2026-09-08 13:58:31,#23897 Narrow `mkdir_p` sandbox write permissions,Library/Homebrew,2,,commit
#23892,2026-09-05 09:38:53,2026-09-08 13:26:45,#23892 Even more deprecations,Library/Homebrew/unpack_strategy,1,,
#23892,2026-09-08 13:26:45,2026-09-08 13:26:45,#23892 Even more deprecations,Library/Homebrew/unpack_strategy,2,,merge
#23892,2026-09-05 09:38:53,2026-09-05 09:38:53,#23892 Even more deprecations,Library/Homebrew/unpack_strategy,2,,commit
#23892,2026-09-07 19:18:07,2026-09-07 19:18:07,#23892 Even more deprecations,Library/Homebrew/unpack_strategy,2,,commit
#23892,2026-09-07 19:19:06,2026-09-07 19:19:06,#23892 Even more deprecations,Library/Homebrew/unpack_strategy,2,,commit
#23892,2026-09-07 19:20:05,2026-09-07 19:20:05,#23892 Even more deprecations,Library/Homebrew/unpack_strategy,2,,commit
#23892,2026-09-07 19:21:14,2026-09-07 19:21:14,#23892 Even more deprecations,Library/Homebrew/unpack_strategy,2,,commit
#23892,2026-09-07 19:22:37,2026-09-07 19:22:37,#23892 Even more deprecations,Library/Homebrew/unpack_strategy,2,,commit
#23892,2026-09-07 19:23:46,2026-09-07 19:23:46,#23892 Even more deprecations,Library/Homebrew/unpack_strategy,2,,commit
#23892,2026-09-07 19:30:06,2026-09-07 19:30:06,#23892 Even more deprecations,Library/Homebrew/unpack_strategy,2,,commit
#23892,2026-09-07 19:36:56,2026-09-07 19:36:56,#23892 Even more deprecations,Library/Homebrew/unpack_strategy,2,,commit
#23892,2026-09-07 19:51:05,2026-09-07 19:51:05,#23892 Even more deprecations,Library/Homebrew/unpack_strategy,2,,commit
#23892,2026-09-08 06:48:16,2026-09-08 06:48:16,#23892 Even more deprecations,Library/Homebrew/unpack_strategy,2,,commit
#23892,2026-09-08 11:34:06,2026-09-08 11:34:06,#23892 Even more deprecations,Library/Homebrew/unpack_strategy,2,,commit
#23890,2026-09-08 07:35:55,2026-09-08 10:38:10,#23890 tar: validate tarballs named with a compound ext,Library/Homebrew/utils,1,,
#23890,2026-09-08 10:38:10,2026-09-08 10:38:10,#23890 tar: validate tarballs named with a compound ext,Library/Homebrew/utils,2,,merge
#23890,2026-09-08 07:35:55,2026-09-08 07:35:55,#23890 tar: validate tarballs named with a compound ext,Library/Homebrew/utils,2,,commit
#23890,2026-09-08 08:37:09,2026-09-08 08:37:09,#23890 tar: validate tarballs named with a compound ext,Library/Homebrew/utils,2,,commit
#23888,2026-09-08 03:44:37,2026-09-08 08:35:02,#23888 Reuse macOS release aliases in cask audit,Library/Homebrew/cask,1,,
#23888,2026-09-08 08:35:02,2026-09-08 08:35:02,#23888 Reuse macOS release aliases in cask audit,Library/Homebrew/cask,2,,merge
#23888,2026-09-08 03:44:37,2026-09-08 03:44:37,#23888 Reuse macOS release aliases in cask audit,Library/Homebrew/cask,2,,commit
#23887,2026-09-08 03:24:34,2026-09-08 08:35:01,#23887 Decouple macOS release names from support status,Library/Homebrew,1,,
#23887,2026-09-08 08:35:01,2026-09-08 08:35:01,#23887 Decouple macOS release names from support status,Library/Homebrew,2,,merge
#23887,2026-09-08 03:24:34,2026-09-08 03:24:34,#23887 Decouple macOS release names from support status,Library/Homebrew,2,,commit
#23881,2026-09-07 21:29:20,2026-09-08 08:34:50,#23881 Add commands for Python resource automation,Library/Homebrew/dev-cmd,1,,
#23881,2026-09-08 08:34:50,2026-09-08 08:34:50,#23881 Add commands for Python resource automation,Library/Homebrew/dev-cmd,2,,merge
#23881,2026-09-07 21:29:20,2026-09-07 21:29:20,#23881 Add commands for Python resource automation,Library/Homebrew/dev-cmd,2,,commit
#23885,2026-09-07 22:37:26,2026-09-08 08:32:01,#23885 Document remove-disabled window mirror,Library/Homebrew,1,,
#23885,2026-09-08 08:32:01,2026-09-08 08:32:01,#23885 Document remove-disabled window mirror,Library/Homebrew,2,,merge
#23885,2026-09-07 22:37:26,2026-09-07 22:37:26,#23885 Document remove-disabled window mirror,Library/Homebrew,2,,commit
#23880,2026-09-07 22:31:54,2026-09-08 08:31:41,#23880 Support registry package overrides,Library/Homebrew/vulns,1,,
#23880,2026-09-08 08:31:41,2026-09-08 08:31:41,#23880 Support registry package overrides,Library/Homebrew/vulns,2,,merge
#23880,2026-09-07 22:31:54,2026-09-07 22:31:54,#23880 Support registry package overrides,Library/Homebrew/vulns,2,,commit
#23883,2026-09-07 21:29:20,2026-09-08 08:29:27,#23883 Use setup-ruby in vendor version workflow,.github/workflows,1,,
#23883,2026-09-08 08:29:27,2026-09-08 08:29:27,#23883 Use setup-ruby in vendor version workflow,.github/workflows,2,,merge
#23883,2026-09-07 21:29:20,2026-09-07 21:29:20,#23883 Use setup-ruby in vendor version workflow,.github/workflows,2,,commit
#23882,2026-09-07 21:29:20,2026-09-08 08:29:10,#23882 test-bot: add padded prefix output,.github/workflows,1,,
#23882,2026-09-08 08:29:10,2026-09-08 08:29:10,#23882 test-bot: add padded prefix output,.github/workflows,2,,merge
#23882,2026-09-07 21:29:20,2026-09-07 21:29:20,#23882 test-bot: add padded prefix output,.github/workflows,2,,commit
#23879,2026-09-07 19:28:45,2026-09-08 08:28:54,#23879 Options: remove hash support from merge methods,Library/Homebrew/livecheck,1,,
#23879,2026-09-08 08:28:54,2026-09-08 08:28:54,#23879 Options: remove hash support from merge methods,Library/Homebrew/livecheck,2,,merge
#23879,2026-09-07 19:28:45,2026-09-07 19:28:45,#23879 Options: remove hash support from merge methods,Library/Homebrew/livecheck,2,,commit
#23879,2026-09-07 19:32:43,2026-09-07 19:32:43,#23879 Options: remove hash support from merge methods,Library/Homebrew/livecheck,2,,commit
#23879,2026-09-07 20:01:32,2026-09-07 20:01:32,#23879 Options: remove hash support from merge methods,Library/Homebrew/livecheck,2,,commit
#23878,2026-09-07 19:50:10,2026-09-08 06:44:55,#23878 Fix temporary service plist suffix,Library/Homebrew/services,1,,
#23878,2026-09-08 06:44:55,2026-09-08 06:44:55,#23878 Fix temporary service plist suffix,Library/Homebrew/services,2,,merge
#23878,2026-09-07 19:50:10,2026-09-07 19:50:10,#23878 Fix temporary service plist suffix,Library/Homebrew/services,2,,commit
#23850,2026-09-06 17:37:35,2026-09-08 00:32:28,#23850 cmd/cache: print cask cache paths for Linux plat,Library/Homebrew/cask,1,,
#23850,2026-09-08 00:32:28,2026-09-08 00:32:28,#23850 cmd/cache: print cask cache paths for Linux plat,Library/Homebrew/cask,2,,merge
#23850,2026-09-06 17:37:35,2026-09-06 17:37:35,#23850 cmd/cache: print cask cache paths for Linux plat,Library/Homebrew/cask,2,,commit
#23877,2026-09-07 16:39:03,2026-09-07 19:25:03,#23877 Deduplicate advisory alias hits,Library/Homebrew/vulns,1,,
#23877,2026-09-07 19:25:03,2026-09-07 19:25:03,#23877 Deduplicate advisory alias hits,Library/Homebrew/vulns,2,,merge
#23877,2026-09-07 16:39:03,2026-09-07 16:39:03,#23877 Deduplicate advisory alias hits,Library/Homebrew/vulns,2,,commit
#23871,2026-09-07 09:05:55,2026-09-07 18:33:03,#23871 Restore mixed bundle install batches,Library/Homebrew/bundle,1,,
#23871,2026-09-07 18:33:03,2026-09-07 18:33:03,#23871 Restore mixed bundle install batches,Library/Homebrew/bundle,2,,merge
#23871,2026-09-07 09:05:55,2026-09-07 09:05:55,#23871 Restore mixed bundle install batches,Library/Homebrew/bundle,2,,commit
#23872,2026-09-07 16:17:30,2026-09-07 18:23:20,#23872 Isolate formula history loading,Library/Homebrew,1,,
#23872,2026-09-07 18:23:20,2026-09-07 18:23:20,#23872 Isolate formula history loading,Library/Homebrew,2,,merge
#23872,2026-09-07 16:17:30,2026-09-07 16:17:30,#23872 Isolate formula history loading,Library/Homebrew,2,,commit
#23875,2026-09-07 16:41:17,2026-09-07 18:23:19,#23875 Broaden formula history error handling,Library/Homebrew,1,,
#23875,2026-09-07 18:23:19,2026-09-07 18:23:19,#23875 Broaden formula history error handling,Library/Homebrew,2,,merge
#23875,2026-09-07 16:41:17,2026-09-07 16:41:17,#23875 Broaden formula history error handling,Library/Homebrew,2,,commit
#23863,2026-09-05 21:24:51,2026-09-07 18:18:31,#23863 curl: only expand secrets the download declared,Library/Homebrew/download_strategy,1,,
#23863,2026-09-07 18:18:31,2026-09-07 18:18:31,#23863 curl: only expand secrets the download declared,Library/Homebrew/download_strategy,2,,merge
#23863,2026-09-05 21:24:51,2026-09-05 21:24:51,#23863 curl: only expand secrets the download declared,Library/Homebrew/download_strategy,2,,commit
#23874,2026-09-07 17:21:17,2026-09-07 18:06:10,#23874 install: report formulae in a mixed dry run,Library/Homebrew/cmd,1,,
#23874,2026-09-07 18:06:10,2026-09-07 18:06:10,#23874 install: report formulae in a mixed dry run,Library/Homebrew/cmd,2,,merge
#23874,2026-09-07 17:21:17,2026-09-07 17:21:17,#23874 install: report formulae in a mixed dry run,Library/Homebrew/cmd,2,,commit
#23869,2026-09-07 12:34:27,2026-09-07 18:04:51,#23869 Apply service env overrides to run,Library/Homebrew/services,1,,
#23869,2026-09-07 18:04:51,2026-09-07 18:04:51,#23869 Apply service env overrides to run,Library/Homebrew/services,2,,merge
#23869,2026-09-07 12:34:27,2026-09-07 12:34:27,#23869 Apply service env overrides to run,Library/Homebrew/services,2,,commit
#23873,2026-09-07 16:25:58,2026-09-07 17:55:14,#23873 cask/audit: load installation checks,Library/Homebrew/cask,1,,
#23873,2026-09-07 17:55:14,2026-09-07 17:55:14,#23873 cask/audit: load installation checks,Library/Homebrew/cask,2,,merge
#23873,2026-09-07 16:25:58,2026-09-07 16:25:58,#23873 cask/audit: load installation checks,Library/Homebrew/cask,2,,commit
#23870,2026-09-07 13:53:52,2026-09-07 15:21:57,#23870 cask/audit: anchor cask audit regexps to url,Library/Homebrew/cask,1,,
#23870,2026-09-07 15:21:57,2026-09-07 15:21:57,#23870 cask/audit: anchor cask audit regexps to url,Library/Homebrew/cask,2,,merge
#23870,2026-09-07 13:53:52,2026-09-07 13:53:52,#23870 cask/audit: anchor cask audit regexps to url,Library/Homebrew/cask,2,,commit
#23859,2026-09-06 20:29:39,2026-09-07 08:45:12,#23859 Detect shallow taps through linked worktrees,Library/Homebrew,1,,
#23859,2026-09-07 08:45:12,2026-09-07 08:45:12,#23859 Detect shallow taps through linked worktrees,Library/Homebrew,2,,merge
#23859,2026-09-06 20:29:39,2026-09-06 20:29:39,#23859 Detect shallow taps through linked worktrees,Library/Homebrew,2,,commit
#23868,2026-09-07 05:25:10,2026-09-07 08:43:42,#23868 tests: group parallel runs by recorded runtime,Library/Homebrew/dev-cmd,1,,
#23868,2026-09-07 08:43:42,2026-09-07 08:43:42,#23868 tests: group parallel runs by recorded runtime,Library/Homebrew/dev-cmd,2,,merge
#23868,2026-09-07 05:25:10,2026-09-07 05:25:10,#23868 tests: group parallel runs by recorded runtime,Library/Homebrew/dev-cmd,2,,commit
#23862,2026-09-07 01:53:25,2026-09-07 08:41:12,#23862 bundle: install batched casks as casks,Library/Homebrew/bundle,1,,
#23862,2026-09-07 08:41:12,2026-09-07 08:41:12,#23862 bundle: install batched casks as casks,Library/Homebrew/bundle,2,,merge
#23862,2026-09-07 01:53:25,2026-09-07 01:53:25,#23862 bundle: install batched casks as casks,Library/Homebrew/bundle,2,,commit
#23866,2026-09-07 03:56:18,2026-09-07 08:33:44,#23866 cask/installer.rb: cast Artifact::GeneratedScrip,Library/Homebrew/cask,1,,
#23866,2026-09-07 08:33:44,2026-09-07 08:33:44,#23866 cask/installer.rb: cast Artifact::GeneratedScrip,Library/Homebrew/cask,2,,merge
#23866,2026-09-07 03:56:18,2026-09-07 03:56:18,#23866 cask/installer.rb: cast Artifact::GeneratedScrip,Library/Homebrew/cask,2,,commit
#23865,2026-09-07 02:56:44,2026-09-07 08:33:13,#23865 trust: normalise the installed-tap reference,Library/Homebrew,1,,
#23865,2026-09-07 08:33:13,2026-09-07 08:33:13,#23865 trust: normalise the installed-tap reference,Library/Homebrew,2,,merge
#23865,2026-09-07 02:56:44,2026-09-07 02:56:44,#23865 trust: normalise the installed-tap reference,Library/Homebrew,2,,commit
#23864,2026-09-07 02:36:46,2026-09-07 08:30:22,#23864 trust: ignore a bare tap name in ARGV,Library/Homebrew,1,,
#23864,2026-09-07 08:30:22,2026-09-07 08:30:22,#23864 trust: ignore a bare tap name in ARGV,Library/Homebrew,2,,merge
#23864,2026-09-07 02:36:46,2026-09-07 02:36:46,#23864 trust: ignore a bare tap name in ARGV,Library/Homebrew,2,,commit
#23858,2026-09-06 16:00:13,2026-09-07 08:28:42,#23858 Harden advisory history walks,Library/Homebrew/vulns,1,,
#23858,2026-09-07 08:28:42,2026-09-07 08:28:42,#23858 Harden advisory history walks,Library/Homebrew/vulns,2,,merge
#23858,2026-09-06 16:00:13,2026-09-06 16:00:13,#23858 Harden advisory history walks,Library/Homebrew/vulns,2,,commit
#23858,2026-09-06 20:29:39,2026-09-06 20:29:39,#23858 Harden advisory history walks,Library/Homebrew/vulns,2,,commit
#23855,2026-09-06 22:09:24,2026-09-07 08:26:58,#23855 formula: improve typing conflicts_with,Library/Homebrew,1,,
#23855,2026-09-07 08:26:58,2026-09-07 08:26:58,#23855 formula: improve typing conflicts_with,Library/Homebrew,2,,merge
#23855,2026-09-06 22:09:24,2026-09-06 22:09:24,#23855 formula: improve typing conflicts_with,Library/Homebrew,2,,commit
#23855,2026-09-06 22:39:31,2026-09-06 22:39:31,#23855 formula: improve typing conflicts_with,Library/Homebrew,2,,commit
#23854,2026-08-23 15:54:18,2026-09-07 08:24:44,#23854 sorbet: Bump more tests to `typed: true` or high,Library/Homebrew/sorbet,1,,
#23854,2026-09-07 08:24:44,2026-09-07 08:24:44,#23854 sorbet: Bump more tests to `typed: true` or high,Library/Homebrew/sorbet,2,,merge
#23854,2026-08-23 15:54:18,2026-08-23 15:54:18,#23854 sorbet: Bump more tests to `typed: true` or high,Library/Homebrew/sorbet,2,,commit
#23854,2026-08-23 15:54:29,2026-08-23 15:54:29,#23854 sorbet: Bump more tests to `typed: true` or high,Library/Homebrew/sorbet,2,,commit
#23854,2026-09-06 19:41:19,2026-09-06 19:41:19,#23854 sorbet: Bump more tests to `typed: true` or high,Library/Homebrew/sorbet,2,,commit
#23854,2026-09-06 19:52:06,2026-09-06 19:52:06,#23854 sorbet: Bump more tests to `typed: true` or high,Library/Homebrew/sorbet,2,,commit
#23854,2026-09-06 19:55:00,2026-09-06 19:55:00,#23854 sorbet: Bump more tests to `typed: true` or high,Library/Homebrew/sorbet,2,,commit
#23854,2026-09-06 19:59:23,2026-09-06 19:59:23,#23854 sorbet: Bump more tests to `typed: true` or high,Library/Homebrew/sorbet,2,,commit
#23854,2026-09-06 20:07:50,2026-09-06 20:07:50,#23854 sorbet: Bump more tests to `typed: true` or high,Library/Homebrew/sorbet,2,,commit
#23854,2026-09-06 20:15:18,2026-09-06 20:15:18,#23854 sorbet: Bump more tests to `typed: true` or high,Library/Homebrew/sorbet,2,,commit
#23854,2026-09-06 20:40:41,2026-09-06 20:40:41,#23854 sorbet: Bump more tests to `typed: true` or high,Library/Homebrew/sorbet,2,,commit
#23854,2026-09-06 20:57:53,2026-09-06 20:57:53,#23854 sorbet: Bump more tests to `typed: true` or high,Library/Homebrew/sorbet,2,,commit
#23851,2026-09-06 17:49:22,2026-09-07 08:15:57,#23851 rubocops/cask: add cop for font stanza sorting,Library/Homebrew/rubocops,1,,
#23851,2026-09-07 08:15:57,2026-09-07 08:15:57,#23851 rubocops/cask: add cop for font stanza sorting,Library/Homebrew/rubocops,2,,merge
#23851,2026-09-06 17:49:22,2026-09-06 17:49:22,#23851 rubocops/cask: add cop for font stanza sorting,Library/Homebrew/rubocops,2,,commit
#23856,2026-09-06 21:43:55,2026-09-07 03:12:59,#23856 Preserve resource evidence for overrides,Library/Homebrew/vulns,1,,
#23856,2026-09-07 03:12:59,2026-09-07 03:12:59,#23856 Preserve resource evidence for overrides,Library/Homebrew/vulns,2,,merge
#23856,2026-09-06 21:43:55,2026-09-06 21:43:55,#23856 Preserve resource evidence for overrides,Library/Homebrew/vulns,2,,commit
#23857,2026-09-06 16:13:35,2026-09-07 02:42:25,#23857 Load legacy bottles from formula history,Library/Homebrew,1,,
#23857,2026-09-07 02:42:25,2026-09-07 02:42:25,#23857 Load legacy bottles from formula history,Library/Homebrew,2,,merge
#23857,2026-09-06 16:13:35,2026-09-06 16:13:35,#23857 Load legacy bottles from formula history,Library/Homebrew,2,,commit
#23861,2026-09-07 00:36:22,2026-09-07 02:42:07,#23861 rubocops/cask: reject nested OS dependencies,Library/Homebrew/rubocops,1,,
#23861,2026-09-07 02:42:07,2026-09-07 02:42:07,#23861 rubocops/cask: reject nested OS dependencies,Library/Homebrew/rubocops,2,,merge
#23861,2026-09-07 00:36:22,2026-09-07 00:36:22,#23861 rubocops/cask: reject nested OS dependencies,Library/Homebrew/rubocops,2,,commit
#23849,2026-09-06 17:21:57,2026-09-06 20:44:44,#23849 Ban command literals in Homebrew source,Library/Homebrew/bundle,1,,
#23849,2026-09-06 20:44:44,2026-09-06 20:44:44,#23849 Ban command literals in Homebrew source,Library/Homebrew/bundle,2,,merge
#23849,2026-09-06 17:21:57,2026-09-06 17:21:57,#23849 Ban command literals in Homebrew source,Library/Homebrew/bundle,2,,commit
#23852,2026-09-06 18:21:52,2026-09-06 20:39:01,#23852 Move bottle CI workflow helpers into brew,Library/Homebrew/dev-cmd,1,,
#23852,2026-09-06 20:39:01,2026-09-06 20:39:01,#23852 Move bottle CI workflow helpers into brew,Library/Homebrew/dev-cmd,2,,merge
#23852,2026-09-06 18:21:52,2026-09-06 18:21:52,#23852 Move bottle CI workflow helpers into brew,Library/Homebrew/dev-cmd,2,,commit
#23848,2026-08-23 16:25:53,2026-09-06 18:29:12,#23848 sorbet: More typechecking fixes for tests,Library/Homebrew/test,1,,
#23848,2026-09-06 18:29:12,2026-09-06 18:29:12,#23848 sorbet: More typechecking fixes for tests,Library/Homebrew/test,2,,merge
#23848,2026-08-23 16:25:53,2026-08-23 16:25:53,#23848 sorbet: More typechecking fixes for tests,Library/Homebrew/test,2,,commit
#23848,2026-08-23 23:21:49,2026-08-23 23:21:49,#23848 sorbet: More typechecking fixes for tests,Library/Homebrew/test,2,,commit
#23848,2026-08-23 23:47:50,2026-08-23 23:47:50,#23848 sorbet: More typechecking fixes for tests,Library/Homebrew/test,2,,commit
#23848,2026-08-23 23:49:14,2026-08-23 23:49:14,#23848 sorbet: More typechecking fixes for tests,Library/Homebrew/test,2,,commit
#23848,2026-08-23 23:50:15,2026-08-23 23:50:15,#23848 sorbet: More typechecking fixes for tests,Library/Homebrew/test,2,,commit
#23847,2026-09-06 16:25:16,2026-09-06 18:21:52,#23847 bump: handle partially disabled packages,Library/Homebrew/dev-cmd,1,,
#23847,2026-09-06 18:21:52,2026-09-06 18:21:52,#23847 bump: handle partially disabled packages,Library/Homebrew/dev-cmd,2,,merge
#23847,2026-09-06 16:25:16,2026-09-06 16:25:16,#23847 bump: handle partially disabled packages,Library/Homebrew/dev-cmd,2,,commit
#23845,2026-09-06 15:33:10,2026-09-06 16:09:01,#23845 advisory-match: skip unverifiable formula histor,Library/Homebrew/dev-cmd,1,,
#23845,2026-09-06 16:09:01,2026-09-06 16:09:01,#23845 advisory-match: skip unverifiable formula histor,Library/Homebrew/dev-cmd,2,,merge
#23845,2026-09-06 15:33:10,2026-09-06 15:33:10,#23845 advisory-match: skip unverifiable formula histor,Library/Homebrew/dev-cmd,2,,commit
#23820,2026-09-05 21:22:47,2026-09-06 15:32:00,#23820 cask: ignore verified in stored metadata,Library/Homebrew/cask,1,,
#23820,2026-09-06 15:32:00,2026-09-06 15:32:00,#23820 cask: ignore verified in stored metadata,Library/Homebrew/cask,2,,merge
#23820,2026-09-05 21:22:47,2026-09-05 21:22:47,#23820 cask: ignore verified in stored metadata,Library/Homebrew/cask,2,,commit
#23820,2026-09-06 15:13:08,2026-09-06 15:13:08,#23820 cask: ignore verified in stored metadata,Library/Homebrew/cask,2,,commit
#23843,2026-09-06 11:30:27,2026-09-06 12:21:00,#23843 info: mark disabled/deprecated casks in title,Library/Homebrew/cask,1,,
#23843,2026-09-06 12:21:00,2026-09-06 12:21:00,#23843 info: mark disabled/deprecated casks in title,Library/Homebrew/cask,2,,merge
#23843,2026-09-06 11:30:27,2026-09-06 11:30:27,#23843 info: mark disabled/deprecated casks in title,Library/Homebrew/cask,2,,commit
#23842,2026-09-04 11:46:45,2026-09-06 12:15:13,#23842 docs/Cask-Cookbook: align with homebrew-cask sta,Library/Homebrew/cask,1,,
#23842,2026-09-06 12:15:13,2026-09-06 12:15:13,#23842 docs/Cask-Cookbook: align with homebrew-cask sta,Library/Homebrew/cask,2,,merge
#23842,2026-09-04 11:46:45,2026-09-04 11:46:45,#23842 docs/Cask-Cookbook: align with homebrew-cask sta,Library/Homebrew/cask,2,,commit
#23824,2026-09-05 18:08:01,2026-09-06 11:29:49,#23824 pypi: run metadata inspection in the sandbox,Library/Homebrew/utils,1,,
#23824,2026-09-06 11:29:49,2026-09-06 11:29:49,#23824 pypi: run metadata inspection in the sandbox,Library/Homebrew/utils,2,,merge
#23824,2026-09-05 18:08:01,2026-09-05 18:08:01,#23824 pypi: run metadata inspection in the sandbox,Library/Homebrew/utils,2,,commit
#23824,2026-09-06 11:17:23,2026-09-06 11:17:23,#23824 pypi: run metadata inspection in the sandbox,Library/Homebrew/utils,2,,commit
#23839,2026-09-06 07:21:45,2026-09-06 11:23:34,#23839 services: keep active systemd timers on cleanup,Library/Homebrew/services,1,,
#23839,2026-09-06 11:23:34,2026-09-06 11:23:34,#23839 services: keep active systemd timers on cleanup,Library/Homebrew/services,2,,merge
#23839,2026-09-06 07:21:45,2026-09-06 07:21:45,#23839 services: keep active systemd timers on cleanup,Library/Homebrew/services,2,,commit
#23841,2026-09-05 19:50:41,2026-09-06 11:23:32,#23841 Mark unsatisfied requirements in `brew info`,Library/Homebrew/cask,1,,
#23841,2026-09-06 11:23:32,2026-09-06 11:23:32,#23841 Mark unsatisfied requirements in `brew info`,Library/Homebrew/cask,2,,merge
#23841,2026-09-05 19:50:41,2026-09-05 19:50:41,#23841 Mark unsatisfied requirements in `brew info`,Library/Homebrew/cask,2,,commit
#23837,2026-09-06 06:46:52,2026-09-06 11:23:27,#23837 services: default to canonical Linux service lab,Library/Homebrew,1,,
#23837,2026-09-06 11:23:27,2026-09-06 11:23:27,#23837 services: default to canonical Linux service lab,Library/Homebrew,2,,merge
#23837,2026-09-06 06:46:52,2026-09-06 06:46:52,#23837 services: default to canonical Linux service lab,Library/Homebrew,2,,commit
#23828,2026-09-05 18:08:43,2026-09-06 11:23:25,#23828 bundle: run go inventory with argument arrays,Library/Homebrew/bundle,1,,
#23828,2026-09-06 11:23:25,2026-09-06 11:23:25,#23828 bundle: run go inventory with argument arrays,Library/Homebrew/bundle,2,,merge
#23828,2026-09-05 18:08:43,2026-09-05 18:08:43,#23828 bundle: run go inventory with argument arrays,Library/Homebrew/bundle,2,,commit
#23829,2026-09-05 18:08:50,2026-09-06 11:23:22,#23829 svn: read externals from the pinned checkout,Library/Homebrew/download_strategy,1,,
#23829,2026-09-06 11:23:22,2026-09-06 11:23:22,#23829 svn: read externals from the pinned checkout,Library/Homebrew/download_strategy,2,,merge
#23829,2026-09-05 18:08:50,2026-09-05 18:08:50,#23829 svn: read externals from the pinned checkout,Library/Homebrew/download_strategy,2,,commit
#23826,2026-09-05 18:04:23,2026-09-06 11:23:19,#23826 version-install: keep the requested provider,Library/Homebrew/cmd,1,,
#23826,2026-09-06 11:23:19,2026-09-06 11:23:19,#23826 version-install: keep the requested provider,Library/Homebrew/cmd,2,,merge
#23826,2026-09-05 18:04:23,2026-09-05 18:04:23,#23826 version-install: keep the requested provider,Library/Homebrew/cmd,2,,commit
#23827,2026-09-05 18:00:14,2026-09-06 11:23:15,#23827 tap: check provenance for migration oldnames,Library/Homebrew/cask,1,,
#23827,2026-09-06 11:23:15,2026-09-06 11:23:15,#23827 tap: check provenance for migration oldnames,Library/Homebrew/cask,2,,merge
#23827,2026-09-05 18:00:14,2026-09-05 18:00:14,#23827 tap: check provenance for migration oldnames,Library/Homebrew/cask,2,,commit
#23823,2026-09-05 17:59:58,2026-09-06 11:17:09,#23823 tap: link completions only for canonical origins,Library/Homebrew,1,,
#23823,2026-09-06 11:17:09,2026-09-06 11:17:09,#23823 tap: link completions only for canonical origins,Library/Homebrew,2,,merge
#23823,2026-09-05 17:59:58,2026-09-05 17:59:58,#23823 tap: link completions only for canonical origins,Library/Homebrew,2,,commit
#23831,2026-09-05 18:07:02,2026-09-06 11:17:07,#23831 Reject path components in internal command names,Library/Homebrew,1,,
#23831,2026-09-06 11:17:07,2026-09-06 11:17:07,#23831 Reject path components in internal command names,Library/Homebrew,2,,merge
#23831,2026-09-05 18:07:02,2026-09-05 18:07:02,#23831 Reject path components in internal command names,Library/Homebrew,2,,commit
#23835,2026-09-06 00:34:45,2026-09-06 11:15:02,#23835 style: root the RuboCop project index at the tap,Library/Homebrew,1,,
#23835,2026-09-06 11:15:02,2026-09-06 11:15:02,#23835 style: root the RuboCop project index at the tap,Library/Homebrew,2,,merge
#23835,2026-09-06 00:34:45,2026-09-06 00:34:45,#23835 style: root the RuboCop project index at the tap,Library/Homebrew,2,,commit
#23819,2026-09-05 19:06:22,2026-09-06 11:14:57,#23819 patch: harden staged-tree target containment,Library/Homebrew,1,,
#23819,2026-09-06 11:14:57,2026-09-06 11:14:57,#23819 patch: harden staged-tree target containment,Library/Homebrew,2,,merge
#23819,2026-09-05 19:06:22,2026-09-05 19:06:22,#23819 patch: harden staged-tree target containment,Library/Homebrew,2,,commit
#23830,2026-09-05 18:08:09,2026-09-06 11:14:53,#23830 vulns: keep unknown subjects unresolved,Library/Homebrew/vulns,1,,
#23830,2026-09-06 11:14:53,2026-09-06 11:14:53,#23830 vulns: keep unknown subjects unresolved,Library/Homebrew/vulns,2,,merge
#23830,2026-09-05 18:08:09,2026-09-05 18:08:09,#23830 vulns: keep unknown subjects unresolved,Library/Homebrew/vulns,2,,commit
#23822,2026-09-05 17:58:23,2026-09-06 11:14:50,#23822 Avoid evaluating cached and installed recipes,Library/Homebrew,1,,
#23822,2026-09-06 11:14:50,2026-09-06 11:14:50,#23822 Avoid evaluating cached and installed recipes,Library/Homebrew,2,,merge
#23822,2026-09-05 17:58:23,2026-09-05 17:58:23,#23822 Avoid evaluating cached and installed recipes,Library/Homebrew,2,,commit
#23825,2026-09-05 18:08:56,2026-09-06 11:14:46,#23825 create: insert metadata after ERB parsing,Library/Homebrew,1,,
#23825,2026-09-06 11:14:46,2026-09-06 11:14:46,#23825 create: insert metadata after ERB parsing,Library/Homebrew,2,,merge
#23825,2026-09-05 18:08:56,2026-09-05 18:08:56,#23825 create: insert metadata after ERB parsing,Library/Homebrew,2,,commit
#23836,2026-09-06 04:16:08,2026-09-06 08:24:00,#23836 install steps: add `{{arch}}` template token,Library/Homebrew,1,,
#23836,2026-09-06 08:24:00,2026-09-06 08:24:00,#23836 install steps: add `{{arch}}` template token,Library/Homebrew,2,,merge
#23836,2026-09-06 04:16:08,2026-09-06 04:16:08,#23836 install steps: add `{{arch}}` template token,Library/Homebrew,2,,commit
#23832,2026-09-05 22:33:00,2026-09-06 08:20:40,#23832 Crate: add default strategy user agent,Library/Homebrew/livecheck,1,,
#23832,2026-09-06 08:20:40,2026-09-06 08:20:40,#23832 Crate: add default strategy user agent,Library/Homebrew/livecheck,2,,merge
#23832,2026-09-05 22:33:00,2026-09-05 22:33:00,#23832 Crate: add default strategy user agent,Library/Homebrew/livecheck,2,,commit
#23833,2026-09-05 22:07:40,2026-09-06 08:15:57,#23833 Require `utils/analytics` in `cmd/info`,Library/Homebrew/cmd,1,,
#23833,2026-09-06 08:15:57,2026-09-06 08:15:57,#23833 Require `utils/analytics` in `cmd/info`,Library/Homebrew/cmd,2,,merge
#23833,2026-09-05 22:07:40,2026-09-05 22:07:40,#23833 Require `utils/analytics` in `cmd/info`,Library/Homebrew/cmd,2,,commit
#23834,2026-09-05 23:38:27,2026-09-06 08:14:09,#23834 Strategy: deprecate user_agent fallback,Library/Homebrew/livecheck,1,,
#23834,2026-09-06 08:14:09,2026-09-06 08:14:09,#23834 Strategy: deprecate user_agent fallback,Library/Homebrew/livecheck,2,,merge
#23834,2026-09-05 23:38:27,2026-09-05 23:38:27,#23834 Strategy: deprecate user_agent fallback,Library/Homebrew/livecheck,2,,commit
#23815,2026-09-05 18:05:14,2026-09-06 08:12:39,#23815 bottle: verify and extract from a snapshot,Library/Homebrew,1,,
#23815,2026-09-06 08:12:39,2026-09-06 08:12:39,#23815 bottle: verify and extract from a snapshot,Library/Homebrew,2,,merge
#23815,2026-09-05 18:05:14,2026-09-05 18:05:14,#23815 bottle: verify and extract from a snapshot,Library/Homebrew,2,,commit
#23838,2026-09-06 06:53:34,2026-09-06 07:55:48,#23838 Portable Ruby 4.0.6_2,Library/Homebrew/vendor,1,,
#23838,2026-09-06 07:55:48,2026-09-06 07:55:48,#23838 Portable Ruby 4.0.6_2,Library/Homebrew/vendor,2,,merge
#23838,2026-09-06 06:53:34,2026-09-06 06:53:34,#23838 Portable Ruby 4.0.6_2,Library/Homebrew/vendor,2,,commit
#23821,2026-09-05 21:35:34,2026-09-06 00:25:20,#23821 shims/super/cc: Keep dependency -L flags ahead o,Library/Homebrew/shims,1,,
#23821,2026-09-06 00:25:20,2026-09-06 00:25:20,#23821 shims/super/cc: Keep dependency -L flags ahead o,Library/Homebrew/shims,2,,merge
#23821,2026-09-05 21:35:34,2026-09-05 21:35:34,#23821 shims/super/cc: Keep dependency -L flags ahead o,Library/Homebrew/shims,2,,commit
#23812,2026-09-05 18:09:19,2026-09-05 20:16:52,#23812 Relocate only C strings when patching binaries,Library/Homebrew,1,,
#23812,2026-09-05 20:16:52,2026-09-05 20:16:52,#23812 Relocate only C strings when patching binaries,Library/Homebrew,2,,merge
#23812,2026-09-05 18:09:19,2026-09-05 18:09:19,#23812 Relocate only C strings when patching binaries,Library/Homebrew,2,,commit
#23818,2026-09-05 19:13:23,2026-09-05 20:09:58,#23818 tap: print invalid tap names instead of crashing,Library/Homebrew,1,,
#23818,2026-09-05 20:09:58,2026-09-05 20:09:58,#23818 tap: print invalid tap names instead of crashing,Library/Homebrew,2,,merge
#23818,2026-09-05 19:13:23,2026-09-05 19:13:23,#23818 tap: print invalid tap names instead of crashing,Library/Homebrew,2,,commit
#23816,2026-09-05 18:07:10,2026-09-05 18:58:15,#23816 completions: match Bash candidates literally,Library/Homebrew/completions,1,,
#23816,2026-09-05 18:58:15,2026-09-05 18:58:15,#23816 completions: match Bash candidates literally,Library/Homebrew/completions,2,,merge
#23816,2026-09-05 18:07:10,2026-09-05 18:07:10,#23816 completions: match Bash candidates literally,Library/Homebrew/completions,2,,commit
#23814,2026-09-05 17:53:46,2026-09-05 18:55:29,#23814 unpack_strategy: skip symlinks in each_directory,Library/Homebrew,1,,
#23814,2026-09-05 18:55:29,2026-09-05 18:55:29,#23814 unpack_strategy: skip symlinks in each_directory,Library/Homebrew,2,,merge
#23814,2026-09-05 17:53:46,2026-09-05 17:53:46,#23814 unpack_strategy: skip symlinks in each_directory,Library/Homebrew,2,,commit
#23813,2026-09-05 18:27:52,2026-09-05 18:46:14,#23813 Stop the uses_from_macos cop crashing,Library/Homebrew/rubocops,1,,
#23813,2026-09-05 18:46:14,2026-09-05 18:46:14,#23813 Stop the uses_from_macos cop crashing,Library/Homebrew/rubocops,2,,merge
#23813,2026-09-05 18:27:52,2026-09-05 18:27:52,#23813 Stop the uses_from_macos cop crashing,Library/Homebrew/rubocops,2,,commit
#23809,2026-09-05 15:09:10,2026-09-05 18:30:31,#23809 Restore inherited streams for safe_system,Library/Homebrew,1,,
#23809,2026-09-05 18:30:31,2026-09-05 18:30:31,#23809 Restore inherited streams for safe_system,Library/Homebrew,2,,merge
#23809,2026-09-05 15:09:10,2026-09-05 15:09:10,#23809 Restore inherited streams for safe_system,Library/Homebrew,2,,commit
#23811,2026-09-05 17:44:50,2026-09-05 18:27:42,#23811 Fix brew edit crash for an uninstalled tap,Library/Homebrew/dev-cmd,1,,
#23811,2026-09-05 18:27:42,2026-09-05 18:27:42,#23811 Fix brew edit crash for an uninstalled tap,Library/Homebrew/dev-cmd,2,,merge
#23811,2026-09-05 17:44:50,2026-09-05 17:44:50,#23811 Fix brew edit crash for an uninstalled tap,Library/Homebrew/dev-cmd,2,,commit
#23479,2026-08-09 15:24:27,2026-09-05 18:11:54,#23479 Improve PythonVersions cop to reject hardcoded p,Library/Homebrew,1,,
#23479,2026-09-05 18:11:54,2026-09-05 18:11:54,#23479 Improve PythonVersions cop to reject hardcoded p,Library/Homebrew,2,,merge
#23479,2026-08-09 15:24:27,2026-08-09 15:24:27,#23479 Improve PythonVersions cop to reject hardcoded p,Library/Homebrew,2,,commit
#23479,2026-08-28 17:38:16,2026-08-28 17:38:16,#23479 Improve PythonVersions cop to reject hardcoded p,Library/Homebrew,2,,commit
#23810,2026-09-05 16:47:23,2026-09-05 18:08:33,#23810 extend/ENV/super: add opam defaults,Library/Homebrew/extend,1,,
#23810,2026-09-05 18:08:33,2026-09-05 18:08:33,#23810 extend/ENV/super: add opam defaults,Library/Homebrew/extend,2,,merge
#23810,2026-09-05 16:47:23,2026-09-05 16:47:23,#23810 extend/ENV/super: add opam defaults,Library/Homebrew/extend,2,,commit
#23775,2026-09-04 14:46:13,2026-09-05 18:06:08,#23775 livecheck: really use referenced livecheck optio,Library/Homebrew/livecheck,1,,
#23775,2026-09-05 18:06:08,2026-09-05 18:06:08,#23775 livecheck: really use referenced livecheck optio,Library/Homebrew/livecheck,2,,merge
#23775,2026-09-04 14:46:13,2026-09-04 14:46:13,#23775 livecheck: really use referenced livecheck optio,Library/Homebrew/livecheck,2,,commit
#23775,2026-09-05 17:25:05,2026-09-05 17:25:05,#23775 livecheck: really use referenced livecheck optio,Library/Homebrew/livecheck,2,,commit
#23775,2026-09-05 17:44:42,2026-09-05 17:44:42,#23775 livecheck: really use referenced livecheck optio,Library/Homebrew/livecheck,2,,commit
#23806,2026-09-05 09:48:21,2026-09-05 13:46:02,#23806 Base macOS migration advice on binary packages,Library/Homebrew,1,,
#23806,2026-09-05 13:46:02,2026-09-05 13:46:02,#23806 Base macOS migration advice on binary packages,Library/Homebrew,2,,merge
#23806,2026-09-05 09:48:21,2026-09-05 09:48:21,#23806 Base macOS migration advice on binary packages,Library/Homebrew,2,,commit
#23805,2026-09-05 09:57:49,2026-09-05 13:37:45,#23805 keg: scope node-gyp debris to build trees,Library/Homebrew,1,,
#23805,2026-09-05 13:37:45,2026-09-05 13:37:45,#23805 keg: scope node-gyp debris to build trees,Library/Homebrew,2,,merge
#23805,2026-09-05 09:57:49,2026-09-05 09:57:49,#23805 keg: scope node-gyp debris to build trees,Library/Homebrew,2,,commit
#23793,2026-09-05 02:24:41,2026-09-05 13:00:39,#23793 Use non-capturing regexp groups where captures a,Library/Homebrew,1,,
#23793,2026-09-05 13:00:39,2026-09-05 13:00:39,#23793 Use non-capturing regexp groups where captures a,Library/Homebrew,2,,merge
#23793,2026-09-05 02:24:41,2026-09-05 02:24:41,#23793 Use non-capturing regexp groups where captures a,Library/Homebrew,2,,commit
#23793,2026-09-05 02:24:51,2026-09-05 02:24:51,#23793 Use non-capturing regexp groups where captures a,Library/Homebrew,2,,commit
#23703,2026-08-29 21:13:38,2026-09-05 13:00:36,#23703 Raise minimum macOS to Big Sur (11),Library/Homebrew/os,1,,
#23703,2026-09-05 13:00:36,2026-09-05 13:00:36,#23703 Raise minimum macOS to Big Sur (11),Library/Homebrew/os,2,,merge
#23703,2026-08-29 21:13:38,2026-08-29 21:13:38,#23703 Raise minimum macOS to Big Sur (11),Library/Homebrew/os,2,,commit
#23628,2026-08-23 09:49:20,2026-09-05 12:18:43,#23628 cask/quarantine: gate metadata operations behind,Library/Homebrew/cask,1,,
#23628,2026-09-05 12:18:43,2026-09-05 12:18:43,#23628 cask/quarantine: gate metadata operations behind,Library/Homebrew/cask,2,,merge
#23628,2026-08-23 09:49:20,2026-08-23 09:49:20,#23628 cask/quarantine: gate metadata operations behind,Library/Homebrew/cask,2,,commit
#23804,2026-09-05 09:20:49,2026-09-05 12:07:45,#23804 utils/tty: avoid caching an unfinished size,Library/Homebrew/utils,1,,
#23804,2026-09-05 12:07:45,2026-09-05 12:07:45,#23804 utils/tty: avoid caching an unfinished size,Library/Homebrew/utils,2,,merge
#23804,2026-09-05 09:20:49,2026-09-05 09:20:49,#23804 utils/tty: avoid caching an unfinished size,Library/Homebrew/utils,2,,commit
#23804,2026-09-05 11:57:30,2026-09-05 11:57:30,#23804 utils/tty: avoid caching an unfinished size,Library/Homebrew/utils,2,,commit
#23802,2026-09-05 06:37:44,2026-09-05 11:58:19,#23802 Bump resources pinned to a git tag,Library/Homebrew/dev-cmd,1,,
#23802,2026-09-05 11:58:19,2026-09-05 11:58:19,#23802 Bump resources pinned to a git tag,Library/Homebrew/dev-cmd,2,,merge
#23802,2026-09-05 06:37:44,2026-09-05 06:37:44,#23802 Bump resources pinned to a git tag,Library/Homebrew/dev-cmd,2,,commit
#23729,2026-09-05 09:38:45,2026-09-05 10:27:39,#23729 Deprecate/disable/remove for major/minor release,Library/Homebrew,1,,
#23729,2026-09-05 10:27:39,2026-09-05 10:27:39,#23729 Deprecate/disable/remove for major/minor release,Library/Homebrew,2,,merge
#23729,2026-09-05 09:38:45,2026-09-05 09:38:45,#23729 Deprecate/disable/remove for major/minor release,Library/Homebrew,2,,commit
#23799,2026-09-05 03:58:51,2026-09-05 09:48:37,#23799 Escape dots in domain regexps,Library/Homebrew/rubocops,1,,
#23799,2026-09-05 09:48:37,2026-09-05 09:48:37,#23799 Escape dots in domain regexps,Library/Homebrew/rubocops,2,,merge
#23799,2026-09-05 03:58:51,2026-09-05 03:58:51,#23799 Escape dots in domain regexps,Library/Homebrew/rubocops,2,,commit
#23752,2026-09-03 00:27:02,2026-09-05 09:26:17,#23752 shared_audits: check homepage domain age via RDA,Library/Homebrew/utils,1,,
#23752,2026-09-05 09:26:17,2026-09-05 09:26:17,#23752 shared_audits: check homepage domain age via RDA,Library/Homebrew/utils,2,,merge
#23752,2026-09-03 00:27:02,2026-09-03 00:27:02,#23752 shared_audits: check homepage domain age via RDA,Library/Homebrew/utils,2,,commit
#23769,2026-09-04 09:39:42,2026-09-05 09:20:43,#23769 Attest supported third-party tap bottles,Library/Homebrew,1,,
#23769,2026-09-05 09:20:43,2026-09-05 09:20:43,#23769 Attest supported third-party tap bottles,Library/Homebrew,2,,merge
#23769,2026-09-04 09:39:42,2026-09-04 09:39:42,#23769 Attest supported third-party tap bottles,Library/Homebrew,2,,commit
#23769,2026-09-04 11:09:27,2026-09-04 11:09:27,#23769 Attest supported third-party tap bottles,Library/Homebrew,2,,commit
#23769,2026-09-04 11:16:03,2026-09-04 11:16:03,#23769 Attest supported third-party tap bottles,Library/Homebrew,2,,commit
#23769,2026-09-04 19:28:16,2026-09-04 19:28:16,#23769 Attest supported third-party tap bottles,Library/Homebrew,2,,commit
#23769,2026-09-05 08:25:16,2026-09-05 08:25:16,#23769 Attest supported third-party tap bottles,Library/Homebrew,2,,commit
#23769,2026-09-05 09:09:37,2026-09-05 09:09:37,#23769 Attest supported third-party tap bottles,Library/Homebrew,2,,commit
#23800,2026-09-05 05:32:01,2026-09-05 08:01:44,#23800 Stop brew tests dirtying the working tree,Library/Homebrew/dev-cmd,1,,
#23800,2026-09-05 08:01:44,2026-09-05 08:01:44,#23800 Stop brew tests dirtying the working tree,Library/Homebrew/dev-cmd,2,,merge
#23800,2026-09-05 05:32:01,2026-09-05 05:32:01,#23800 Stop brew tests dirtying the working tree,Library/Homebrew/dev-cmd,2,,commit
#23796,2026-09-05 02:12:22,2026-09-05 08:00:49,#23796 cask/audit: fix repo names ending in git,Library/Homebrew/cask,1,,
#23796,2026-09-05 08:00:49,2026-09-05 08:00:49,#23796 cask/audit: fix repo names ending in git,Library/Homebrew/cask,2,,merge
#23796,2026-09-05 02:12:22,2026-09-05 02:12:22,#23796 cask/audit: fix repo names ending in git,Library/Homebrew/cask,2,,commit
#23790,2026-09-04 21:48:02,2026-09-05 08:00:25,#23790 Add std_shards_args and update creator for cryst,Library/Homebrew,1,,
#23790,2026-09-05 08:00:25,2026-09-05 08:00:25,#23790 Add std_shards_args and update creator for cryst,Library/Homebrew,2,,merge
#23790,2026-09-04 21:48:02,2026-09-04 21:48:02,#23790 Add std_shards_args and update creator for cryst,Library/Homebrew,2,,commit
#23790,2026-09-05 00:16:17,2026-09-05 00:16:17,#23790 Add std_shards_args and update creator for cryst,Library/Homebrew,2,,commit
#23782,2026-09-04 17:36:45,2026-09-05 08:00:04,#23782 Warn (don't error) on unavailable Linux sandbox ,Library/Homebrew/extend,1,,
#23782,2026-09-05 08:00:04,2026-09-05 08:00:04,#23782 Warn (don't error) on unavailable Linux sandbox ,Library/Homebrew/extend,2,,merge
#23782,2026-09-04 17:36:45,2026-09-04 17:36:45,#23782 Warn (don't error) on unavailable Linux sandbox ,Library/Homebrew/extend,2,,commit
#23779,2026-09-04 15:36:08,2026-09-05 07:56:42,#23779 Make macOS installer package Apple Silicon only,package/resources,1,,
#23779,2026-09-05 07:56:42,2026-09-05 07:56:42,#23779 Make macOS installer package Apple Silicon only,package/resources,2,,merge
#23779,2026-09-04 15:36:08,2026-09-04 15:36:08,#23779 Make macOS installer package Apple Silicon only,package/resources,2,,commit
#23787,2026-09-04 17:55:43,2026-09-05 07:56:35,#23787 Forbid T.must and T.unsafe with RuboCop,Library/Homebrew,1,,
#23787,2026-09-05 07:56:35,2026-09-05 07:56:35,#23787 Forbid T.must and T.unsafe with RuboCop,Library/Homebrew,2,,merge
#23787,2026-09-04 17:55:43,2026-09-04 17:55:43,#23787 Forbid T.must and T.unsafe with RuboCop,Library/Homebrew,2,,commit
#23791,2026-09-04 23:26:08,2026-09-05 06:59:52,#23791 generate-cask-ci-matrix: skip runners the cask i,Library/Homebrew/cask,1,,
#23791,2026-09-05 06:59:52,2026-09-05 06:59:52,#23791 generate-cask-ci-matrix: skip runners the cask i,Library/Homebrew/cask,2,,merge
#23791,2026-09-04 23:26:08,2026-09-04 23:26:08,#23791 generate-cask-ci-matrix: skip runners the cask i,Library/Homebrew/cask,2,,commit
#23791,2026-09-05 00:33:40,2026-09-05 00:33:40,#23791 generate-cask-ci-matrix: skip runners the cask i,Library/Homebrew/cask,2,,commit
#23801,2026-09-05 05:43:31,2026-09-05 06:59:48,#23801 Re-sign node-gyp addons after stripping them,Library/Homebrew,1,,
#23801,2026-09-05 06:59:48,2026-09-05 06:59:48,#23801 Re-sign node-gyp addons after stripping them,Library/Homebrew,2,,merge
#23801,2026-09-05 05:43:31,2026-09-05 05:43:31,#23801 Re-sign node-gyp addons after stripping them,Library/Homebrew,2,,commit
#23795,2026-09-05 00:27:22,2026-09-05 06:56:38,#23795 pkg: seed the API cache as the install user,package/scripts,1,,
#23795,2026-09-05 06:56:38,2026-09-05 06:56:38,#23795 pkg: seed the API cache as the install user,package/scripts,2,,merge
#23795,2026-09-05 00:27:22,2026-09-05 00:27:22,#23795 pkg: seed the API cache as the install user,package/scripts,2,,commit
#23798,2026-09-05 02:56:27,2026-09-05 06:53:44,#23798 cask: skip cask loader when no casks are install,Library/Homebrew/cask,1,,
#23798,2026-09-05 06:53:44,2026-09-05 06:53:44,#23798 cask: skip cask loader when no casks are install,Library/Homebrew/cask,2,,merge
#23798,2026-09-05 02:56:27,2026-09-05 02:56:27,#23798 cask: skip cask loader when no casks are install,Library/Homebrew/cask,2,,commit
#23794,2026-09-05 01:31:05,2026-09-05 06:53:32,#23794 Share Python dependency lookup with Formula#pyth,Library/Homebrew,1,,
#23794,2026-09-05 06:53:32,2026-09-05 06:53:32,#23794 Share Python dependency lookup with Formula#pyth,Library/Homebrew,2,,merge
#23794,2026-09-05 01:31:05,2026-09-05 01:31:05,#23794 Share Python dependency lookup with Formula#pyth,Library/Homebrew,2,,commit
#23792,2026-09-05 00:14:46,2026-09-05 06:45:15,#23792 services: recognize both Linux service labels,Library/Homebrew,1,,
#23792,2026-09-05 06:45:15,2026-09-05 06:45:15,#23792 services: recognize both Linux service labels,Library/Homebrew,2,,merge
#23792,2026-09-05 00:14:46,2026-09-05 00:14:46,#23792 services: recognize both Linux service labels,Library/Homebrew,2,,commit
#23788,2026-09-05 00:31:00,2026-09-05 02:11:25,#23788 utils/bottles: only trust a padded build prefix ,Library/Homebrew/utils,1,,
#23788,2026-09-05 02:11:25,2026-09-05 02:11:25,#23788 utils/bottles: only trust a padded build prefix ,Library/Homebrew/utils,2,,merge
#23788,2026-09-05 00:31:00,2026-09-05 00:31:00,#23788 utils/bottles: only trust a padded build prefix ,Library/Homebrew/utils,2,,commit
#23786,2026-09-04 18:06:10,2026-09-04 20:13:52,#23786 Move formula Bundler defaults to superenv,Library/Homebrew/extend,1,,
#23786,2026-09-04 20:13:52,2026-09-04 20:13:52,#23786 Move formula Bundler defaults to superenv,Library/Homebrew/extend,2,,merge
#23786,2026-09-04 18:06:10,2026-09-04 18:06:10,#23786 Move formula Bundler defaults to superenv,Library/Homebrew/extend,2,,commit
#23772,2026-09-04 12:11:35,2026-09-04 18:32:38,#23772 Stop fetching unsigned per-package API data,Library/Homebrew/api,1,,
#23772,2026-09-04 18:32:38,2026-09-04 18:32:38,#23772 Stop fetching unsigned per-package API data,Library/Homebrew/api,2,,merge
#23772,2026-09-04 12:11:35,2026-09-04 12:11:35,#23772 Stop fetching unsigned per-package API data,Library/Homebrew/api,2,,commit
#23785,2026-09-04 17:47:23,2026-09-04 18:32:18,#23785 Remove aggregate test jobs,.github/workflows,1,,
#23785,2026-09-04 18:32:18,2026-09-04 18:32:18,#23785 Remove aggregate test jobs,.github/workflows,2,,merge
#23785,2026-09-04 17:47:23,2026-09-04 17:47:23,#23785 Remove aggregate test jobs,.github/workflows,2,,commit
#23776,2026-09-04 15:07:20,2026-09-04 17:59:33,#23776 Fix shim exec loops and reap timed-out commands,Library/Homebrew/shims,1,,
#23776,2026-09-04 17:59:33,2026-09-04 17:59:33,#23776 Fix shim exec loops and reap timed-out commands,Library/Homebrew/shims,2,,merge
#23776,2026-09-04 15:07:20,2026-09-04 15:07:20,#23776 Fix shim exec loops and reap timed-out commands,Library/Homebrew/shims,2,,commit
#23781,2026-09-04 16:49:07,2026-09-04 17:05:01,#23781 services: resolve owner from the registered serv,Library/Homebrew/services,1,,
#23781,2026-09-04 17:05:01,2026-09-04 17:05:01,#23781 services: resolve owner from the registered serv,Library/Homebrew/services,2,,merge
#23781,2026-09-04 16:49:07,2026-09-04 16:49:07,#23781 services: resolve owner from the registered serv,Library/Homebrew/services,2,,commit
#23780,2026-09-04 16:05:23,2026-09-04 16:57:42,#23780 api/formula/formula_struct_generator: defer plac,Library/Homebrew/api,1,,
#23780,2026-09-04 16:57:42,2026-09-04 16:57:42,#23780 api/formula/formula_struct_generator: defer plac,Library/Homebrew/api,2,,merge
#23780,2026-09-04 16:05:23,2026-09-04 16:05:23,#23780 api/formula/formula_struct_generator: defer plac,Library/Homebrew/api,2,,commit
#23778,2026-09-04 15:13:41,2026-09-04 16:14:56,#23778 Slim down and tighten AGENTS.md,other,1,,
#23778,2026-09-04 16:14:56,2026-09-04 16:14:56,#23778 Slim down and tighten AGENTS.md,other,2,,merge
#23778,2026-09-04 15:13:41,2026-09-04 15:13:41,#23778 Slim down and tighten AGENTS.md,other,2,,commit
#23774,2026-09-03 17:29:48,2026-09-04 16:14:11,#23774 Move more methods into `Utils`,Library/Homebrew/dev-cmd,1,,
#23774,2026-09-04 16:14:11,2026-09-04 16:14:11,#23774 Move more methods into `Utils`,Library/Homebrew/dev-cmd,2,,merge
#23774,2026-09-03 17:29:48,2026-09-03 17:29:48,#23774 Move more methods into `Utils`,Library/Homebrew/dev-cmd,2,,commit
#23774,2026-09-03 17:42:18,2026-09-03 17:42:18,#23774 Move more methods into `Utils`,Library/Homebrew/dev-cmd,2,,commit
#23774,2026-09-03 18:00:46,2026-09-03 18:00:46,#23774 Move more methods into `Utils`,Library/Homebrew/dev-cmd,2,,commit
#23774,2026-09-04 12:47:47,2026-09-04 12:47:47,#23774 Move more methods into `Utils`,Library/Homebrew/dev-cmd,2,,commit
#23774,2026-09-04 12:50:41,2026-09-04 12:50:41,#23774 Move more methods into `Utils`,Library/Homebrew/dev-cmd,2,,commit
#23774,2026-09-04 12:55:54,2026-09-04 12:55:54,#23774 Move more methods into `Utils`,Library/Homebrew/dev-cmd,2,,commit
#23774,2026-09-04 13:54:08,2026-09-04 13:54:08,#23774 Move more methods into `Utils`,Library/Homebrew/dev-cmd,2,,commit
#23777,2026-09-04 13:54:03,2026-09-04 16:07:37,#23777 Add cask audit for versioned app_image targets,Library/Homebrew/cask,1,,
#23777,2026-09-04 16:07:37,2026-09-04 16:07:37,#23777 Add cask audit for versioned app_image targets,Library/Homebrew/cask,2,,merge
#23777,2026-09-04 13:54:03,2026-09-04 13:54:03,#23777 Add cask audit for versioned app_image targets,Library/Homebrew/cask,2,,commit
#23766,2026-09-04 08:07:53,2026-09-04 14:49:47,#23766 build(deps): bump the bundler group across 2 dir,Library/Homebrew/vendor,1,,
#23766,2026-09-04 14:49:47,2026-09-04 14:49:47,#23766 build(deps): bump the bundler group across 2 dir,Library/Homebrew/vendor,2,,merge
#23766,2026-09-04 08:07:53,2026-09-04 08:07:53,#23766 build(deps): bump the bundler group across 2 dir,Library/Homebrew/vendor,2,,commit
#23766,2026-09-04 08:09:11,2026-09-04 08:09:11,#23766 build(deps): bump the bundler group across 2 dir,Library/Homebrew/vendor,2,,commit
#23766,2026-09-04 08:09:27,2026-09-04 08:09:27,#23766 build(deps): bump the bundler group across 2 dir,Library/Homebrew/vendor,2,,commit
#23766,2026-09-04 12:37:39,2026-09-04 12:37:39,#23766 build(deps): bump the bundler group across 2 dir,Library/Homebrew/vendor,2,,commit
#23672,2026-09-04 14:32:13,2026-09-04 14:46:06,#23672 Replace deleted homebrew-cask helper scripts,Library/Homebrew/dev-cmd,1,,
#23672,2026-09-04 14:46:06,2026-09-04 14:46:06,#23672 Replace deleted homebrew-cask helper scripts,Library/Homebrew/dev-cmd,2,,merge
#23672,2026-09-04 14:32:13,2026-09-04 14:32:13,#23672 Replace deleted homebrew-cask helper scripts,Library/Homebrew/dev-cmd,2,,commit
#23672,2026-09-04 14:32:14,2026-09-04 14:32:14,#23672 Replace deleted homebrew-cask helper scripts,Library/Homebrew/dev-cmd,2,,commit
#23771,2026-09-04 06:23:12,2026-09-04 14:14:37,"#23771 Install app_image by moving the AppImage, mirror",Library/Homebrew/cask,1,,
#23771,2026-09-04 14:14:37,2026-09-04 14:14:37,"#23771 Install app_image by moving the AppImage, mirror",Library/Homebrew/cask,2,,merge
#23771,2026-09-04 06:23:12,2026-09-04 06:23:12,"#23771 Install app_image by moving the AppImage, mirror",Library/Homebrew/cask,2,,commit
#23773,2026-09-04 13:18:36,2026-09-04 13:55:02,#23773 test: cover Utils.safe_filename and .safe_filena,Library/Homebrew/test,1,,
#23773,2026-09-04 13:55:02,2026-09-04 13:55:02,#23773 test: cover Utils.safe_filename and .safe_filena,Library/Homebrew/test,2,,merge
#23773,2026-09-04 13:18:36,2026-09-04 13:18:36,#23773 test: cover Utils.safe_filename and .safe_filena,Library/Homebrew/test,2,,commit
#23732,2026-09-04 11:31:11,2026-09-04 12:14:35,#23732 Remove default branch sync workflow,.github/workflows,1,,
#23732,2026-09-04 12:14:35,2026-09-04 12:14:35,#23732 Remove default branch sync workflow,.github/workflows,2,,merge
#23732,2026-09-04 11:31:11,2026-09-04 11:31:11,#23732 Remove default branch sync workflow,.github/workflows,2,,commit
#23765,2026-09-03 23:51:57,2026-09-04 11:18:29,#23765 unpack_strategy/zip: move volume labels by basen,Library/Homebrew/extend,1,,
#23765,2026-09-04 11:18:29,2026-09-04 11:18:29,#23765 unpack_strategy/zip: move volume labels by basen,Library/Homebrew/extend,2,,merge
#23765,2026-09-03 23:51:57,2026-09-03 23:51:57,#23765 unpack_strategy/zip: move volume labels by basen,Library/Homebrew/extend,2,,commit
#23768,2026-09-04 08:14:17,2026-09-04 09:09:24,#23768 build(deps): bump the github-actions group acros,.github/workflows,1,,
#23768,2026-09-04 09:09:24,2026-09-04 09:09:24,#23768 build(deps): bump the github-actions group acros,.github/workflows,2,,merge
#23768,2026-09-04 08:14:17,2026-09-04 08:14:17,#23768 build(deps): bump the github-actions group acros,.github/workflows,2,,commit
#23767,2026-09-04 08:09:16,2026-09-04 09:09:21,#23767 build(deps): bump the uv group across 1 director,Library/Homebrew/formula-analytics,1,,
#23767,2026-09-04 09:09:21,2026-09-04 09:09:21,#23767 build(deps): bump the uv group across 1 director,Library/Homebrew/formula-analytics,2,,merge
#23767,2026-09-04 08:09:16,2026-09-04 08:09:16,#23767 build(deps): bump the uv group across 1 director,Library/Homebrew/formula-analytics,2,,commit
#23764,2026-09-03 18:47:25,2026-09-04 07:51:20,#23764 formula: handle `--offline` in std_cargo_args,Library/Homebrew,1,,
#23764,2026-09-04 07:51:20,2026-09-04 07:51:20,#23764 formula: handle `--offline` in std_cargo_args,Library/Homebrew,2,,merge
#23764,2026-09-03 18:47:25,2026-09-03 18:47:25,#23764 formula: handle `--offline` in std_cargo_args,Library/Homebrew,2,,commit
#23764,2026-09-03 19:34:20,2026-09-03 19:34:20,#23764 formula: handle `--offline` in std_cargo_args,Library/Homebrew,2,,commit
#23763,2026-09-03 18:03:06,2026-09-04 07:50:56,#23763 formula_creator: add deny network for ruby,Library/Homebrew,1,,
#23763,2026-09-04 07:50:56,2026-09-04 07:50:56,#23763 formula_creator: add deny network for ruby,Library/Homebrew,2,,merge
#23763,2026-09-03 18:03:06,2026-09-03 18:03:06,#23763 formula_creator: add deny network for ruby,Library/Homebrew,2,,commit
#23762,2026-09-04 03:40:41,2026-09-04 07:41:06,#23762 cask/cask_loader: recover uninstall artifacts fr,Library/Homebrew/cask,1,,
#23762,2026-09-04 07:41:06,2026-09-04 07:41:06,#23762 cask/cask_loader: recover uninstall artifacts fr,Library/Homebrew/cask,2,,merge
#23762,2026-09-04 03:40:41,2026-09-04 03:40:41,#23762 cask/cask_loader: recover uninstall artifacts fr,Library/Homebrew/cask,2,,commit
#23350,2026-08-09 00:00:00,2026-09-03 18:43:31,#23350 Replace some `T.nilable(T::Boolean)`,Library/Homebrew,1,,
#23350,2026-09-03 18:43:31,2026-09-03 18:43:31,#23350 Replace some `T.nilable(T::Boolean)`,Library/Homebrew,2,,merge
#23761,2026-09-03 16:49:03,2026-09-03 17:53:38,#23761 cask: do not follow a symlinked `rmdir` path,Library/Homebrew/cask,1,,
#23761,2026-09-03 17:53:38,2026-09-03 17:53:38,#23761 cask: do not follow a symlinked `rmdir` path,Library/Homebrew/cask,2,,merge
#23761,2026-09-03 16:49:03,2026-09-03 16:49:03,#23761 cask: do not follow a symlinked `rmdir` path,Library/Homebrew/cask,2,,commit
#23754,2026-09-03 04:48:16,2026-09-03 16:35:51,#23754 Add Formula#python3 for the direct Python depend,Library/Homebrew,1,,
#23754,2026-09-03 16:35:51,2026-09-03 16:35:51,#23754 Add Formula#python3 for the direct Python depend,Library/Homebrew,2,,merge
#23754,2026-09-03 04:48:16,2026-09-03 04:48:16,#23754 Add Formula#python3 for the direct Python depend,Library/Homebrew,2,,commit
#23750,2026-09-02 22:59:38,2026-09-03 16:33:37,#23750 services: default to canonical macOS service lab,Library/Homebrew/services,1,,
#23750,2026-09-03 16:33:37,2026-09-03 16:33:37,#23750 services: default to canonical macOS service lab,Library/Homebrew/services,2,,merge
#23750,2026-09-02 22:59:38,2026-09-02 22:59:38,#23750 services: default to canonical macOS service lab,Library/Homebrew/services,2,,commit
#23747,2026-09-03 01:19:32,2026-09-03 16:31:55,#23747 pkg: reset installer Git config,.github/workflows,1,,
#23747,2026-09-03 16:31:55,2026-09-03 16:31:55,#23747 pkg: reset installer Git config,.github/workflows,2,,merge
#23747,2026-09-03 01:19:32,2026-09-03 01:19:32,#23747 pkg: reset installer Git config,.github/workflows,2,,commit
#23760,2026-09-03 15:02:56,2026-09-03 16:31:23,#23760 Stop fetching bottle manifests when creating tab,Library/Homebrew,1,,
#23760,2026-09-03 16:31:23,2026-09-03 16:31:23,#23760 Stop fetching bottle manifests when creating tab,Library/Homebrew,2,,merge
#23760,2026-09-03 15:02:56,2026-09-03 15:02:56,#23760 Stop fetching bottle manifests when creating tab,Library/Homebrew,2,,commit
#23745,2026-09-02 13:55:38,2026-09-03 16:18:34,"#23745 formula_creator: remove outdated comment, show r",Library/Homebrew,1,,
#23745,2026-09-03 16:18:34,2026-09-03 16:18:34,"#23745 formula_creator: remove outdated comment, show r",Library/Homebrew,2,,merge
#23745,2026-09-02 13:55:38,2026-09-02 13:55:38,"#23745 formula_creator: remove outdated comment, show r",Library/Homebrew,2,,commit
#23757,2026-09-03 07:50:43,2026-09-03 15:21:04,#23757 generate-cask-ci-matrix: drop macOS Intel CI,Library/Homebrew/dev-cmd,1,,
#23757,2026-09-03 15:21:04,2026-09-03 15:21:04,#23757 generate-cask-ci-matrix: drop macOS Intel CI,Library/Homebrew/dev-cmd,2,,merge
#23757,2026-09-03 07:50:43,2026-09-03 07:50:43,#23757 generate-cask-ci-matrix: drop macOS Intel CI,Library/Homebrew/dev-cmd,2,,commit
#23758,2026-09-03 13:48:18,2026-09-03 15:13:42,#23758 rubocops/formula_cop: match array dependency typ,Library/Homebrew/rubocops,1,,
#23758,2026-09-03 15:13:42,2026-09-03 15:13:42,#23758 rubocops/formula_cop: match array dependency typ,Library/Homebrew/rubocops,2,,merge
#23758,2026-09-03 13:48:18,2026-09-03 13:48:18,#23758 rubocops/formula_cop: match array dependency typ,Library/Homebrew/rubocops,2,,commit
#23753,2026-09-03 03:19:07,2026-09-03 12:46:24,#23753 keg: fix remove_oldname_opt_records to avoid ear,Library/Homebrew,1,,
#23753,2026-09-03 12:46:24,2026-09-03 12:46:24,#23753 keg: fix remove_oldname_opt_records to avoid ear,Library/Homebrew,2,,merge
#23753,2026-09-03 03:19:07,2026-09-03 03:19:07,#23753 keg: fix remove_oldname_opt_records to avoid ear,Library/Homebrew,2,,commit
#23753,2026-09-03 03:50:46,2026-09-03 03:50:46,#23753 keg: fix remove_oldname_opt_records to avoid ear,Library/Homebrew,2,,commit
#23756,2026-09-03 08:15:51,2026-09-03 08:27:12,#23756 Update sponsors.,other,1,,
#23756,2026-09-03 08:27:12,2026-09-03 08:27:12,#23756 Update sponsors.,other,2,,merge
#23756,2026-09-03 08:15:51,2026-09-03 08:15:51,#23756 Update sponsors.,other,2,,commit
#23749,2026-09-03 01:19:40,2026-09-03 08:07:13,#23749 keg_relocate: contain text relocation to the keg,Library/Homebrew,1,,
#23749,2026-09-03 08:07:13,2026-09-03 08:07:13,#23749 keg_relocate: contain text relocation to the keg,Library/Homebrew,2,,merge
#23749,2026-09-03 01:19:40,2026-09-03 01:19:40,#23749 keg_relocate: contain text relocation to the keg,Library/Homebrew,2,,commit
#23751,2026-09-03 01:25:36,2026-09-03 08:03:58,#23751 bump-formula-pr: render added version stanzas as,Library/Homebrew/dev-cmd,1,,
#23751,2026-09-03 08:03:58,2026-09-03 08:03:58,#23751 bump-formula-pr: render added version stanzas as,Library/Homebrew/dev-cmd,2,,merge
#23751,2026-09-03 01:25:36,2026-09-03 01:25:36,#23751 bump-formula-pr: render added version stanzas as,Library/Homebrew/dev-cmd,2,,commit
#23748,2026-09-02 20:42:27,2026-09-03 08:03:48,#23748 sandbox: allow writing xcrun db,Library/Homebrew/extend,1,,
#23748,2026-09-03 08:03:48,2026-09-03 08:03:48,#23748 sandbox: allow writing xcrun db,Library/Homebrew/extend,2,,merge
#23748,2026-09-02 20:42:27,2026-09-02 20:42:27,#23748 sandbox: allow writing xcrun db,Library/Homebrew/extend,2,,commit
#23695,2026-08-29 01:17:28,2026-09-03 07:46:40,#23695 cask/uninstall: don't quit or signal the host pr,Library/Homebrew/os,1,,
#23695,2026-09-03 07:46:40,2026-09-03 07:46:40,#23695 cask/uninstall: don't quit or signal the host pr,Library/Homebrew/os,2,,merge
#23695,2026-08-29 01:17:28,2026-08-29 01:17:28,#23695 cask/uninstall: don't quit or signal the host pr,Library/Homebrew/os,2,,commit
#23695,2026-08-29 02:10:42,2026-08-29 02:10:42,#23695 cask/uninstall: don't quit or signal the host pr,Library/Homebrew/os,2,,commit
#23695,2026-08-29 07:29:05,2026-08-29 07:29:05,#23695 cask/uninstall: don't quit or signal the host pr,Library/Homebrew/os,2,,commit
#23695,2026-08-29 10:53:13,2026-08-29 10:53:13,#23695 cask/uninstall: don't quit or signal the host pr,Library/Homebrew/os,2,,commit
#23695,2026-08-30 09:49:06,2026-08-30 09:49:06,#23695 cask/uninstall: don't quit or signal the host pr,Library/Homebrew/os,2,,commit
#23695,2026-09-02 00:10:11,2026-09-02 00:10:11,#23695 cask/uninstall: don't quit or signal the host pr,Library/Homebrew/os,2,,commit
#23741,2026-09-02 04:13:26,2026-09-02 18:50:18,#23741 services: recognize both macOS service labels,Library/Homebrew/bundle,1,,
#23741,2026-09-02 18:50:18,2026-09-02 18:50:18,#23741 services: recognize both macOS service labels,Library/Homebrew/bundle,2,,merge
#23741,2026-09-02 04:13:26,2026-09-02 04:13:26,#23741 services: recognize both macOS service labels,Library/Homebrew/bundle,2,,commit
#23746,2026-09-02 12:31:31,2026-09-02 18:19:26,#23746 Report invalid formulae in pr-pull,Library/Homebrew/dev-cmd,1,,
#23746,2026-09-02 18:19:26,2026-09-02 18:19:26,#23746 Report invalid formulae in pr-pull,Library/Homebrew/dev-cmd,2,,merge
#23746,2026-09-02 12:31:31,2026-09-02 12:31:31,#23746 Report invalid formulae in pr-pull,Library/Homebrew/dev-cmd,2,,commit
#23744,2026-09-02 13:56:43,2026-09-02 14:52:08,#23744 Fix two dead links in the docs,docs,1,,
#23744,2026-09-02 14:52:08,2026-09-02 14:52:08,#23744 Fix two dead links in the docs,docs,2,,merge
#23744,2026-09-02 13:56:43,2026-09-02 13:56:43,#23744 Fix two dead links in the docs,docs,2,,commit
#23736,2026-09-01 21:27:03,2026-09-02 10:59:34,#23736 vulns: correct upstream fix boundaries and add r,Library/Homebrew/vulns,1,,
#23736,2026-09-02 10:59:34,2026-09-02 10:59:34,#23736 vulns: correct upstream fix boundaries and add r,Library/Homebrew/vulns,2,,merge
#23736,2026-09-01 21:27:03,2026-09-01 21:27:03,#23736 vulns: correct upstream fix boundaries and add r,Library/Homebrew/vulns,2,,commit
#23620,2026-08-22 13:33:13,2026-09-02 07:40:34,#23620 Use InfluxDB v3 API for analytics reporting,Library/Homebrew/utils,1,,
#23620,2026-09-02 07:40:34,2026-09-02 07:40:34,#23620 Use InfluxDB v3 API for analytics reporting,Library/Homebrew/utils,2,,merge
#23620,2026-08-22 13:33:13,2026-08-22 13:33:13,#23620 Use InfluxDB v3 API for analytics reporting,Library/Homebrew/utils,2,,commit
#23739,2026-09-01 23:44:09,2026-09-02 07:09:32,#23739 formula_creator: add deny network for cabal and ,Library/Homebrew,1,,
#23739,2026-09-02 07:09:32,2026-09-02 07:09:32,#23739 formula_creator: add deny network for cabal and ,Library/Homebrew,2,,merge
#23739,2026-09-01 23:44:09,2026-09-01 23:44:09,#23739 formula_creator: add deny network for cabal and ,Library/Homebrew,2,,commit
#23739,2026-09-02 03:57:15,2026-09-02 03:57:15,#23739 formula_creator: add deny network for cabal and ,Library/Homebrew,2,,commit
#23737,2026-09-01 22:23:42,2026-09-02 01:09:22,#23737 bump: avoid overwriting skip message with autobu,Library/Homebrew/dev-cmd,1,,
#23737,2026-09-02 01:09:22,2026-09-02 01:09:22,#23737 bump: avoid overwriting skip message with autobu,Library/Homebrew/dev-cmd,2,,merge
#23737,2026-09-01 22:23:42,2026-09-01 22:23:42,#23737 bump: avoid overwriting skip message with autobu,Library/Homebrew/dev-cmd,2,,commit
#23737,2026-09-01 23:02:13,2026-09-01 23:02:13,#23737 bump: avoid overwriting skip message with autobu,Library/Homebrew/dev-cmd,2,,commit
#23738,2026-09-01 23:46:17,2026-09-02 00:03:16,#23738 bump-cask-pr: load modified contents with FromCo,Library/Homebrew/dev-cmd,1,,
#23738,2026-09-02 00:03:16,2026-09-02 00:03:16,#23738 bump-cask-pr: load modified contents with FromCo,Library/Homebrew/dev-cmd,2,,merge
#23738,2026-09-01 23:46:17,2026-09-01 23:46:17,#23738 bump-cask-pr: load modified contents with FromCo,Library/Homebrew/dev-cmd,2,,commit
#23734,2026-09-01 20:57:52,2026-09-01 23:13:10,#23734 formula_creator: add deny network for go and rus,Library/Homebrew,1,,
#23734,2026-09-01 23:13:10,2026-09-01 23:13:10,#23734 formula_creator: add deny network for go and rus,Library/Homebrew,2,,merge
#23734,2026-09-01 20:57:52,2026-09-01 20:57:52,#23734 formula_creator: add deny network for go and rus,Library/Homebrew,2,,commit
#23730,2026-09-01 17:59:56,2026-09-01 20:26:22,#23730 formula_creator: add deny network to some modes,Library/Homebrew,1,,
#23730,2026-09-01 20:26:22,2026-09-01 20:26:22,#23730 formula_creator: add deny network to some modes,Library/Homebrew,2,,merge
#23730,2026-09-01 17:59:56,2026-09-01 17:59:56,#23730 formula_creator: add deny network to some modes,Library/Homebrew,2,,commit
#23731,2026-09-01 19:11:46,2026-09-01 20:08:38,#23731 Update maintainers.,docs,1,,
#23731,2026-09-01 20:08:38,2026-09-01 20:08:38,#23731 Update maintainers.,docs,2,,merge
#23731,2026-09-01 19:11:46,2026-09-01 19:11:46,#23731 Update maintainers.,docs,2,,commit
#23728,2026-09-01 15:28:39,2026-09-01 15:56:31,#23728 formula: update `cargo fetch` example,Library/Homebrew,1,,
#23728,2026-09-01 15:56:31,2026-09-01 15:56:31,#23728 formula: update `cargo fetch` example,Library/Homebrew,2,,merge
#23728,2026-09-01 15:28:39,2026-09-01 15:28:39,#23728 formula: update `cargo fetch` example,Library/Homebrew,2,,commit
#23723,2026-09-01 09:56:27,2026-09-01 13:52:06,#23723 Target Intel Clang under Rosetta,Library/Homebrew/shims,1,,
#23723,2026-09-01 13:52:06,2026-09-01 13:52:06,#23723 Target Intel Clang under Rosetta,Library/Homebrew/shims,2,,merge
#23723,2026-09-01 09:56:27,2026-09-01 09:56:27,#23723 Target Intel Clang under Rosetta,Library/Homebrew/shims,2,,commit
#23727,2026-09-01 12:33:26,2026-09-01 13:21:35,#23727 doctor: remove `grep_v(String)` from JSON output,Library/Homebrew/cmd,1,,
#23727,2026-09-01 13:21:35,2026-09-01 13:21:35,#23727 doctor: remove `grep_v(String)` from JSON output,Library/Homebrew/cmd,2,,merge
#23727,2026-09-01 12:33:26,2026-09-01 12:33:26,#23727 doctor: remove `grep_v(String)` from JSON output,Library/Homebrew/cmd,2,,commit
#23718,2026-08-31 22:26:16,2026-09-01 12:35:23,#23718 cask/audit: reject verified parameter on all cas,Library/Homebrew/cask,1,,
#23718,2026-09-01 12:35:23,2026-09-01 12:35:23,#23718 cask/audit: reject verified parameter on all cas,Library/Homebrew/cask,2,,merge
#23718,2026-08-31 22:26:16,2026-08-31 22:26:16,#23718 cask/audit: reject verified parameter on all cas,Library/Homebrew/cask,2,,commit
#23726,2026-09-01 10:48:01,2026-09-01 12:19:34,#23726 Use quarterly reports for role suggestions,docs,1,,
#23726,2026-09-01 12:19:34,2026-09-01 12:19:34,#23726 Use quarterly reports for role suggestions,docs,2,,merge
#23726,2026-09-01 10:48:01,2026-09-01 10:48:01,#23726 Use quarterly reports for role suggestions,docs,2,,commit
#23724,2026-09-01 11:24:44,2026-09-01 11:39:08,#23724 Speed up test-bot smoke jobs,.github/workflows,1,,
#23724,2026-09-01 11:39:08,2026-09-01 11:39:08,#23724 Speed up test-bot smoke jobs,.github/workflows,2,,merge
#23724,2026-09-01 11:24:44,2026-09-01 11:24:44,#23724 Speed up test-bot smoke jobs,.github/workflows,2,,commit
#23725,2026-09-01 10:45:33,2026-09-01 11:04:37,#23725 release: skip doctor on Tier 3 Intel macOS,.github/workflows,1,,
#23725,2026-09-01 11:04:37,2026-09-01 11:04:37,#23725 release: skip doctor on Tier 3 Intel macOS,.github/workflows,2,,merge
#23725,2026-09-01 10:45:33,2026-09-01 10:45:33,#23725 release: skip doctor on Tier 3 Intel macOS,.github/workflows,2,,commit
#23719,2026-08-31 23:55:52,2026-09-01 10:05:46,#23719 Verify cached downloads at every consumption bou,Library/Homebrew,1,,
#23719,2026-09-01 10:05:46,2026-09-01 10:05:46,#23719 Verify cached downloads at every consumption bou,Library/Homebrew,2,,merge
#23719,2026-08-31 23:55:52,2026-08-31 23:55:52,#23719 Verify cached downloads at every consumption bou,Library/Homebrew,2,,commit
#23719,2026-09-01 08:33:12,2026-09-01 08:33:12,#23719 Verify cached downloads at every consumption bou,Library/Homebrew,2,,commit
#23721,2026-09-01 08:37:57,2026-09-01 09:30:55,#23721 Restore brew analytics to the manpage and comple,Library/Homebrew/cli,1,,
#23721,2026-09-01 09:30:55,2026-09-01 09:30:55,#23721 Restore brew analytics to the manpage and comple,Library/Homebrew/cli,2,,merge
#23721,2026-09-01 08:37:57,2026-09-01 08:37:57,#23721 Restore brew analytics to the manpage and comple,Library/Homebrew/cli,2,,commit
#23720,2026-08-29 19:09:02,2026-09-01 07:41:01,"#23720 Harden unsigned API, trust, installer and output",Library/Homebrew,1,,
#23720,2026-09-01 07:41:01,2026-09-01 07:41:01,"#23720 Harden unsigned API, trust, installer and output",Library/Homebrew,2,,merge
#23720,2026-08-29 19:09:02,2026-08-29 19:09:02,"#23720 Harden unsigned API, trust, installer and output",Library/Homebrew,2,,commit
#23679,2026-08-31 19:53:19,2026-09-01 07:25:47,#23679 Reduce Intel macOS to Tier 3,Library/Homebrew/extend,1,,
#23679,2026-09-01 07:25:47,2026-09-01 07:25:47,#23679 Reduce Intel macOS to Tier 3,Library/Homebrew/extend,2,,merge
#23679,2026-08-31 19:53:19,2026-08-31 19:53:19,#23679 Reduce Intel macOS to Tier 3,Library/Homebrew/extend,2,,commit
#23717,2026-08-31 17:07:44,2026-08-31 19:37:39,#23717 Never install downloads with checksum mismatches,Library/Homebrew,1,,
#23717,2026-08-31 19:37:39,2026-08-31 19:37:39,#23717 Never install downloads with checksum mismatches,Library/Homebrew,2,,merge
#23717,2026-08-31 17:07:44,2026-08-31 17:07:44,#23717 Never install downloads with checksum mismatches,Library/Homebrew,2,,commit
#23716,2026-08-31 16:18:56,2026-08-31 18:02:17,#23716 bundle: require cask/cask_loader before use,Library/Homebrew/bundle,1,,
#23716,2026-08-31 18:02:17,2026-08-31 18:02:17,#23716 bundle: require cask/cask_loader before use,Library/Homebrew/bundle,2,,merge
#23716,2026-08-31 16:18:56,2026-08-31 16:18:56,#23716 bundle: require cask/cask_loader before use,Library/Homebrew/bundle,2,,commit
#23712,2026-08-31 00:48:36,2026-08-31 02:39:25,#23712 sorbet files update,Library/Homebrew/sorbet,1,,
#23712,2026-08-31 02:39:25,2026-08-31 02:39:25,#23712 sorbet files update,Library/Homebrew/sorbet,2,,merge
#23712,2026-08-31 00:48:36,2026-08-31 00:48:36,#23712 sorbet files update,Library/Homebrew/sorbet,2,,commit
#23710,2026-08-30 16:26:30,2026-08-30 17:57:59,#23710 rubocops/lines: remove dead syntax,Library/Homebrew/rubocops,1,,
#23710,2026-08-30 17:57:59,2026-08-30 17:57:59,#23710 rubocops/lines: remove dead syntax,Library/Homebrew/rubocops,2,,merge
#23710,2026-08-30 16:26:30,2026-08-30 16:26:30,#23710 rubocops/lines: remove dead syntax,Library/Homebrew/rubocops,2,,commit
#23709,2026-08-30 15:56:44,2026-08-30 17:00:12,#23709 rubocops/lines: add cop for jpeg dependency,Library/Homebrew/rubocops,1,,
#23709,2026-08-30 17:00:12,2026-08-30 17:00:12,#23709 rubocops/lines: add cop for jpeg dependency,Library/Homebrew/rubocops,2,,merge
#23709,2026-08-30 15:56:44,2026-08-30 15:56:44,#23709 rubocops/lines: add cop for jpeg dependency,Library/Homebrew/rubocops,2,,commit
#23708,2026-08-30 15:26:18,2026-08-30 16:01:17,#23708 formula_auditor: reject Linux libomp dependency ,Library/Homebrew,1,,
#23708,2026-08-30 16:01:17,2026-08-30 16:01:17,#23708 formula_auditor: reject Linux libomp dependency ,Library/Homebrew,2,,merge
#23708,2026-08-30 15:26:18,2026-08-30 15:26:18,#23708 formula_auditor: reject Linux libomp dependency ,Library/Homebrew,2,,commit
#23706,2026-08-30 02:16:53,2026-08-30 13:10:05,#23706 utils/tty: memoise a failed stty size,Library/Homebrew/utils,1,,
#23706,2026-08-30 13:10:05,2026-08-30 13:10:05,#23706 utils/tty: memoise a failed stty size,Library/Homebrew/utils,2,,merge
#23706,2026-08-30 02:16:53,2026-08-30 02:16:53,#23706 utils/tty: memoise a failed stty size,Library/Homebrew/utils,2,,commit
#23699,2026-08-28 18:33:00,2026-08-30 12:22:24,#23699 Enable shorter-prefix bottle relocation,Library/Homebrew,1,,
#23699,2026-08-30 12:22:24,2026-08-30 12:22:24,#23699 Enable shorter-prefix bottle relocation,Library/Homebrew,2,,merge
#23699,2026-08-28 18:33:00,2026-08-28 18:33:00,#23699 Enable shorter-prefix bottle relocation,Library/Homebrew,2,,commit
#23618,2026-08-23 12:17:32,2026-08-30 05:12:54,#23618 audit: add `--fix` command for casks,Library/Homebrew/cask,1,,
#23618,2026-08-30 05:12:54,2026-08-30 05:12:54,#23618 audit: add `--fix` command for casks,Library/Homebrew/cask,2,,merge
#23618,2026-08-23 12:17:32,2026-08-23 12:17:32,#23618 audit: add `--fix` command for casks,Library/Homebrew/cask,2,,commit
#23705,2026-08-29 22:29:23,2026-08-29 23:16:58,#23705 rubocops/cask: flag redundant nested on_* blocks,Library/Homebrew/rubocops,1,,
#23705,2026-08-29 23:16:58,2026-08-29 23:16:58,#23705 rubocops/cask: flag redundant nested on_* blocks,Library/Homebrew/rubocops,2,,merge
#23705,2026-08-29 22:29:23,2026-08-29 22:29:23,#23705 rubocops/cask: flag redundant nested on_* blocks,Library/Homebrew/rubocops,2,,commit
#23701,2026-08-29 18:23:54,2026-08-29 20:18:11,#23701 extend/pathname: one lstat per entry in compute_,Library/Homebrew/extend,1,,
#23701,2026-08-29 20:18:11,2026-08-29 20:18:11,#23701 extend/pathname: one lstat per entry in compute_,Library/Homebrew/extend,2,,merge
#23701,2026-08-29 18:23:54,2026-08-29 18:23:54,#23701 extend/pathname: one lstat per entry in compute_,Library/Homebrew/extend,2,,commit
#23700,2026-08-29 16:41:35,2026-08-29 17:11:44,#23700 test/spec_helper: skip missing test tools under ,Library/Homebrew/test,1,,
#23700,2026-08-29 17:11:44,2026-08-29 17:11:44,#23700 test/spec_helper: skip missing test tools under ,Library/Homebrew/test,2,,merge
#23700,2026-08-29 16:41:35,2026-08-29 16:41:35,#23700 test/spec_helper: skip missing test tools under ,Library/Homebrew/test,2,,commit
#23693,2026-08-28 16:31:41,2026-08-29 16:10:14,#23693 Add padded bottle build prefixes,Library/Homebrew,1,,
#23693,2026-08-29 16:10:14,2026-08-29 16:10:14,#23693 Add padded bottle build prefixes,Library/Homebrew,2,,merge
#23693,2026-08-28 16:31:41,2026-08-28 16:31:41,#23693 Add padded bottle build prefixes,Library/Homebrew,2,,commit
#23698,2026-08-29 12:11:08,2026-08-29 14:40:20,#23698 Break out GitHub Packages downloads per tag,Library/Homebrew/utils,1,,
#23698,2026-08-29 14:40:20,2026-08-29 14:40:20,#23698 Break out GitHub Packages downloads per tag,Library/Homebrew/utils,2,,merge
#23698,2026-08-29 12:11:08,2026-08-29 12:11:08,#23698 Break out GitHub Packages downloads per tag,Library/Homebrew/utils,2,,commit
#23697,2026-08-29 11:31:37,2026-08-29 12:04:29,#23697 tap: normalise Codeberg remote forms,Library/Homebrew,1,,
#23697,2026-08-29 12:04:29,2026-08-29 12:04:29,#23697 tap: normalise Codeberg remote forms,Library/Homebrew,2,,merge
#23697,2026-08-29 11:31:37,2026-08-29 11:31:37,#23697 tap: normalise Codeberg remote forms,Library/Homebrew,2,,commit
#23696,2026-08-29 05:24:36,2026-08-29 06:56:59,#23696 advisory-match: sync alias families and reopen r,Library/Homebrew/vulns,1,,
#23696,2026-08-29 06:56:59,2026-08-29 06:56:59,#23696 advisory-match: sync alias families and reopen r,Library/Homebrew/vulns,2,,merge
#23696,2026-08-29 05:24:36,2026-08-29 05:24:36,#23696 advisory-match: sync alias families and reopen r,Library/Homebrew/vulns,2,,commit
#23694,2026-08-28 18:16:04,2026-08-29 06:51:50,#23694 github_runner_matrix: use macos-15-intel for Por,Library/Homebrew,1,,
#23694,2026-08-29 06:51:50,2026-08-29 06:51:50,#23694 github_runner_matrix: use macos-15-intel for Por,Library/Homebrew,2,,merge
#23694,2026-08-28 18:16:04,2026-08-28 18:16:04,#23694 github_runner_matrix: use macos-15-intel for Por,Library/Homebrew,2,,commit
#23692,2026-08-28 16:07:41,2026-08-28 16:56:00,#23692 Stream parallel cleanup output,Library/Homebrew,1,,
#23692,2026-08-28 16:56:00,2026-08-28 16:56:00,#23692 Stream parallel cleanup output,Library/Homebrew,2,,merge
#23692,2026-08-28 16:07:41,2026-08-28 16:07:41,#23692 Stream parallel cleanup output,Library/Homebrew,2,,commit
#23681,2026-08-28 07:44:45,2026-08-28 15:48:44,#23681 Defer the relocated pour validation sweep,Library/Homebrew/plans,1,,
#23681,2026-08-28 15:48:44,2026-08-28 15:48:44,#23681 Defer the relocated pour validation sweep,Library/Homebrew/plans,2,,merge
#23681,2026-08-28 07:44:45,2026-08-28 07:44:45,#23681 Defer the relocated pour validation sweep,Library/Homebrew/plans,2,,commit
#23682,2026-08-28 07:47:41,2026-08-28 15:48:43,#23682 Relativise absolute symlinks into the prefix whe,Library/Homebrew,1,,
#23682,2026-08-28 15:48:43,2026-08-28 15:48:43,#23682 Relativise absolute symlinks into the prefix whe,Library/Homebrew,2,,merge
#23682,2026-08-28 07:47:41,2026-08-28 07:47:41,#23682 Relativise absolute symlinks into the prefix whe,Library/Homebrew,2,,commit
#23691,2026-08-28 13:17:18,2026-08-28 15:47:45,#23691 Group upgrade dependencies and dependents,Library/Homebrew,1,,
#23691,2026-08-28 15:47:45,2026-08-28 15:47:45,#23691 Group upgrade dependencies and dependents,Library/Homebrew,2,,merge
#23691,2026-08-28 13:17:18,2026-08-28 13:17:18,#23691 Group upgrade dependencies and dependents,Library/Homebrew,2,,commit
#23675,2026-08-28 13:46:29,2026-08-28 14:55:15,#23675 Split slow test jobs,.github/workflows,1,,
#23675,2026-08-28 14:55:15,2026-08-28 14:55:15,#23675 Split slow test jobs,.github/workflows,2,,merge
#23675,2026-08-28 13:46:29,2026-08-28 13:46:29,#23675 Split slow test jobs,.github/workflows,2,,commit
#23675,2026-08-28 14:32:51,2026-08-28 14:32:51,#23675 Split slow test jobs,.github/workflows,2,,commit
#23675,2026-08-28 14:44:41,2026-08-28 14:44:41,#23675 Split slow test jobs,.github/workflows,2,,commit
#23680,2026-08-27 17:59:48,2026-08-28 14:49:11,#23680 rubocops: add `CMakeArgs` cop,Library/Homebrew/rubocops,1,,
#23680,2026-08-28 14:49:11,2026-08-28 14:49:11,#23680 rubocops: add `CMakeArgs` cop,Library/Homebrew/rubocops,2,,merge
#23680,2026-08-27 17:59:48,2026-08-27 17:59:48,#23680 rubocops: add `CMakeArgs` cop,Library/Homebrew/rubocops,2,,commit
#23680,2026-08-28 05:36:30,2026-08-28 05:36:30,#23680 rubocops: add `CMakeArgs` cop,Library/Homebrew/rubocops,2,,commit
#23688,2026-08-28 11:30:48,2026-08-28 13:51:54,#23688 Handle absent cask bundle version suffixes,Library/Homebrew/cask,1,,
#23688,2026-08-28 13:51:54,2026-08-28 13:51:54,#23688 Handle absent cask bundle version suffixes,Library/Homebrew/cask,2,,merge
#23688,2026-08-28 11:30:48,2026-08-28 11:30:48,#23688 Handle absent cask bundle version suffixes,Library/Homebrew/cask,2,,commit
#23690,2026-08-18 13:04:58,2026-08-28 13:03:47,#23690 bundle/mac_app_store: Support upcoming mas 8.0.0,Library/Homebrew/bundle,1,,
#23690,2026-08-28 13:03:47,2026-08-28 13:03:47,#23690 bundle/mac_app_store: Support upcoming mas 8.0.0,Library/Homebrew/bundle,2,,merge
#23690,2026-08-18 13:04:58,2026-08-18 13:04:58,#23690 bundle/mac_app_store: Support upcoming mas 8.0.0,Library/Homebrew/bundle,2,,commit
#23685,2026-08-28 08:08:34,2026-08-28 12:09:20,#23685 build(deps): bump the bundler group across 2 dir,Library/Homebrew/vendor,1,,
#23685,2026-08-28 12:09:20,2026-08-28 12:09:20,#23685 build(deps): bump the bundler group across 2 dir,Library/Homebrew/vendor,2,,merge
#23685,2026-08-28 08:08:34,2026-08-28 08:08:34,#23685 build(deps): bump the bundler group across 2 dir,Library/Homebrew/vendor,2,,commit
#23685,2026-08-28 08:09:56,2026-08-28 08:09:56,#23685 build(deps): bump the bundler group across 2 dir,Library/Homebrew/vendor,2,,commit
#23685,2026-08-28 08:10:18,2026-08-28 08:10:18,#23685 build(deps): bump the bundler group across 2 dir,Library/Homebrew/vendor,2,,commit
#23685,2026-08-28 11:29:51,2026-08-28 11:29:51,#23685 build(deps): bump the bundler group across 2 dir,Library/Homebrew/vendor,2,,commit
#23687,2026-08-28 08:39:19,2026-08-28 11:25:39,#23687 docs: update `brew tap`'s description,Library/Homebrew/cmd,1,,
#23687,2026-08-28 11:25:39,2026-08-28 11:25:39,#23687 docs: update `brew tap`'s description,Library/Homebrew/cmd,2,,merge
#23687,2026-08-28 08:39:19,2026-08-28 08:39:19,#23687 docs: update `brew tap`'s description,Library/Homebrew/cmd,2,,commit
#23686,2026-08-28 08:14:21,2026-08-28 08:35:41,#23686 build(deps): bump the github-actions group acros,.github/workflows,1,,
#23686,2026-08-28 08:35:41,2026-08-28 08:35:41,#23686 build(deps): bump the github-actions group acros,.github/workflows,2,,merge
#23686,2026-08-28 08:14:21,2026-08-28 08:14:21,#23686 build(deps): bump the github-actions group acros,.github/workflows,2,,commit
#23686,2026-08-28 08:15:23,2026-08-28 08:15:23,#23686 build(deps): bump the github-actions group acros,.github/workflows,2,,commit
#23676,2026-08-26 20:58:09,2026-08-27 21:26:20,#23676 formula: use `-Wno-author` in `std_cmake_args`,Library/Homebrew,1,,
#23676,2026-08-27 21:26:20,2026-08-27 21:26:20,#23676 formula: use `-Wno-author` in `std_cmake_args`,Library/Homebrew,2,,merge
#23676,2026-08-26 20:58:09,2026-08-26 20:58:09,#23676 formula: use `-Wno-author` in `std_cmake_args`,Library/Homebrew,2,,commit
#23677,2026-08-27 19:50:07,2026-08-27 21:02:33,#23677 Drop macOS Intel CI in Homebrew/core,Library/Homebrew,1,,
#23677,2026-08-27 21:02:33,2026-08-27 21:02:33,#23677 Drop macOS Intel CI in Homebrew/core,Library/Homebrew,2,,merge
#23677,2026-08-27 19:50:07,2026-08-27 19:50:07,#23677 Drop macOS Intel CI in Homebrew/core,Library/Homebrew,2,,commit
#23667,2026-08-25 20:33:57,2026-08-27 18:31:14,#23667 Harden build prefix relocation of poured bottles,Library/Homebrew,1,,
#23667,2026-08-27 18:31:14,2026-08-27 18:31:14,#23667 Harden build prefix relocation of poured bottles,Library/Homebrew,2,,merge
#23667,2026-08-25 20:33:57,2026-08-25 20:33:57,#23667 Harden build prefix relocation of poured bottles,Library/Homebrew,2,,commit
#23670,2026-08-25 20:30:34,2026-08-27 18:31:13,#23670 Harden build prefix relocation of poured bottles,Library/Homebrew/extend,1,,
#23670,2026-08-27 18:31:13,2026-08-27 18:31:13,#23670 Harden build prefix relocation of poured bottles,Library/Homebrew/extend,2,,merge
#23670,2026-08-25 20:30:34,2026-08-25 20:30:34,#23670 Harden build prefix relocation of poured bottles,Library/Homebrew/extend,2,,commit
#23669,2026-08-27 01:47:48,2026-08-27 02:05:49,#23669 sorbet files update,Library/Homebrew/sorbet,1,,
#23669,2026-08-27 02:05:49,2026-08-27 02:05:49,#23669 sorbet files update,Library/Homebrew/sorbet,2,,merge
#23669,2026-08-27 01:47:48,2026-08-27 01:47:48,#23669 sorbet files update,Library/Homebrew/sorbet,2,,commit
#23659,2026-08-25 21:33:51,2026-08-26 18:43:27,#23659 bundle: batch installs where possible,Library/Homebrew/bundle,1,,
#23659,2026-08-26 18:43:27,2026-08-26 18:43:27,#23659 bundle: batch installs where possible,Library/Homebrew/bundle,2,,merge
#23659,2026-08-25 21:33:51,2026-08-25 21:33:51,#23659 bundle: batch installs where possible,Library/Homebrew/bundle,2,,commit
#23659,2026-08-25 22:24:13,2026-08-25 22:24:13,#23659 bundle: batch installs where possible,Library/Homebrew/bundle,2,,commit
#23659,2026-08-26 08:16:42,2026-08-26 08:16:42,#23659 bundle: batch installs where possible,Library/Homebrew/bundle,2,,commit
#23646,2026-08-24 15:55:45,2026-08-26 18:01:41,#23646 Check raw linkage names when bottling,Library/Homebrew/extend,1,,
#23646,2026-08-26 18:01:41,2026-08-26 18:01:41,#23646 Check raw linkage names when bottling,Library/Homebrew/extend,2,,merge
#23646,2026-08-24 15:55:45,2026-08-24 15:55:45,#23646 Check raw linkage names when bottling,Library/Homebrew/extend,2,,commit
#23646,2026-08-24 18:18:00,2026-08-24 18:18:00,#23646 Check raw linkage names when bottling,Library/Homebrew/extend,2,,commit
#23645,2026-08-24 08:25:47,2026-08-26 18:01:41,#23645 Delete node-gyp debris and strip addons when bot,Library/Homebrew/dev-cmd,1,,
#23645,2026-08-26 18:01:41,2026-08-26 18:01:41,#23645 Delete node-gyp debris and strip addons when bot,Library/Homebrew/dev-cmd,2,,merge
#23645,2026-08-24 08:25:47,2026-08-24 08:25:47,#23645 Delete node-gyp debris and strip addons when bot,Library/Homebrew/dev-cmd,2,,commit
#23644,2026-08-24 08:23:09,2026-08-26 18:01:40,#23644 Check ELF relocatability by structure when bottl,Library/Homebrew,1,,
#23644,2026-08-26 18:01:40,2026-08-26 18:01:40,#23644 Check ELF relocatability by structure when bottl,Library/Homebrew,2,,merge
#23644,2026-08-24 08:23:09,2026-08-24 08:23:09,#23644 Check ELF relocatability by structure when bottl,Library/Homebrew,2,,commit
#23664,2026-08-26 17:08:21,2026-08-26 17:55:57,#23664 dev-cmd/pr-pull: require `cask/cask_loader`,Library/Homebrew/dev-cmd,1,,
#23664,2026-08-26 17:55:57,2026-08-26 17:55:57,#23664 dev-cmd/pr-pull: require `cask/cask_loader`,Library/Homebrew/dev-cmd,2,,merge
#23664,2026-08-26 17:08:21,2026-08-26 17:08:21,#23664 dev-cmd/pr-pull: require `cask/cask_loader`,Library/Homebrew/dev-cmd,2,,commit
#23657,2026-08-25 16:13:49,2026-08-26 17:47:15,#23657 Add formula `fetch` phase run before `install`,Library/Homebrew,1,,
#23657,2026-08-26 17:47:15,2026-08-26 17:47:15,#23657 Add formula `fetch` phase run before `install`,Library/Homebrew,2,,merge
#23657,2026-08-25 16:13:49,2026-08-25 16:13:49,#23657 Add formula `fetch` phase run before `install`,Library/Homebrew,2,,commit
#23656,2026-08-25 15:40:08,2026-08-26 17:47:15,#23656 Add package manager caches and isolate them in C,Library/Homebrew,1,,
#23656,2026-08-26 17:47:15,2026-08-26 17:47:15,#23656 Add package manager caches and isolate them in C,Library/Homebrew,2,,merge
#23656,2026-08-25 15:40:08,2026-08-25 15:40:08,#23656 Add package manager caches and isolate them in C,Library/Homebrew,2,,commit
#23663,2026-08-26 13:38:42,2026-08-26 14:13:36,#23663 Fix undefined method 'all' for class Cask::Cask ,Library/Homebrew/cmd,1,,
#23663,2026-08-26 14:13:36,2026-08-26 14:13:36,#23663 Fix undefined method 'all' for class Cask::Cask ,Library/Homebrew/cmd,2,,merge
#23663,2026-08-26 13:38:42,2026-08-26 13:38:42,#23663 Fix undefined method 'all' for class Cask::Cask ,Library/Homebrew/cmd,2,,commit
#23661,2026-08-26 05:14:21,2026-08-26 07:36:35,#23661 tapioca/compilers/cask/config: Generate accessor,Library/Homebrew/sorbet,1,,
#23661,2026-08-26 07:36:35,2026-08-26 07:36:35,#23661 tapioca/compilers/cask/config: Generate accessor,Library/Homebrew/sorbet,2,,merge
#23661,2026-08-26 05:14:21,2026-08-26 05:14:21,#23661 tapioca/compilers/cask/config: Generate accessor,Library/Homebrew/sorbet,2,,commit
#23660,2026-08-25 23:52:22,2026-08-26 02:04:17,#23660 cmd/uses: require `cask/cask`,Library/Homebrew/cmd,1,,
#23660,2026-08-26 02:04:17,2026-08-26 02:04:17,#23660 cmd/uses: require `cask/cask`,Library/Homebrew/cmd,2,,merge
#23660,2026-08-25 23:52:22,2026-08-25 23:52:22,#23660 cmd/uses: require `cask/cask`,Library/Homebrew/cmd,2,,commit
#23649,2026-08-24 17:03:29,2026-08-25 17:36:12,#23649 dev-cmd/bump: skip if there is an open bump PR,Library/Homebrew/dev-cmd,1,,
#23649,2026-08-25 17:36:12,2026-08-25 17:36:12,#23649 dev-cmd/bump: skip if there is an open bump PR,Library/Homebrew/dev-cmd,2,,merge
#23649,2026-08-24 17:03:29,2026-08-24 17:03:29,#23649 dev-cmd/bump: skip if there is an open bump PR,Library/Homebrew/dev-cmd,2,,commit
#23655,2026-08-25 15:03:58,2026-08-25 15:42:01,#23655 Check domain age to be > 30 days in auditors,Library/Homebrew/cask,1,,
#23655,2026-08-25 15:42:01,2026-08-25 15:42:01,#23655 Check domain age to be > 30 days in auditors,Library/Homebrew/cask,2,,merge
#23655,2026-08-25 15:03:58,2026-08-25 15:03:58,#23655 Check domain age to be > 30 days in auditors,Library/Homebrew/cask,2,,commit
#23655,2026-08-25 15:20:34,2026-08-25 15:20:34,#23655 Check domain age to be > 30 days in auditors,Library/Homebrew/cask,2,,commit
#23654,2026-08-25 13:18:19,2026-08-25 13:38:42,#23654 `rubocops/cask/url`: require each keyword parame,Library/Homebrew/rubocops,1,,
#23654,2026-08-25 13:38:42,2026-08-25 13:38:42,#23654 `rubocops/cask/url`: require each keyword parame,Library/Homebrew/rubocops,2,,merge
#23654,2026-08-25 13:18:19,2026-08-25 13:18:19,#23654 `rubocops/cask/url`: require each keyword parame,Library/Homebrew/rubocops,2,,commit
#23653,2026-08-25 10:30:44,2026-08-25 12:45:59,#23653 Explain Cask Gatekeeper security model,docs,1,,
#23653,2026-08-25 12:45:59,2026-08-25 12:45:59,#23653 Explain Cask Gatekeeper security model,docs,2,,merge
#23653,2026-08-25 10:30:44,2026-08-25 10:30:44,#23653 Explain Cask Gatekeeper security model,docs,2,,commit
#23650,2026-08-24 22:44:04,2026-08-25 08:52:40,#23650 livecheck/livecheck: rename some params to formu,Library/Homebrew/livecheck,1,,
#23650,2026-08-25 08:52:40,2026-08-25 08:52:40,#23650 livecheck/livecheck: rename some params to formu,Library/Homebrew/livecheck,2,,merge
#23650,2026-08-24 22:44:04,2026-08-24 22:44:04,#23650 livecheck/livecheck: rename some params to formu,Library/Homebrew/livecheck,2,,commit
#23651,2026-08-25 02:04:11,2026-08-25 08:51:08,#23651 utils/curl: fix curl_version memoization,Library/Homebrew/utils,1,,
#23651,2026-08-25 08:51:08,2026-08-25 08:51:08,#23651 utils/curl: fix curl_version memoization,Library/Homebrew/utils,2,,merge
#23651,2026-08-25 02:04:11,2026-08-25 02:04:11,#23651 utils/curl: fix curl_version memoization,Library/Homebrew/utils,2,,commit
#23640,2026-08-24 14:16:55,2026-08-25 00:26:45,#23640 upgrade: print the fetch heading before prefetch,Library/Homebrew/cmd,1,,
#23640,2026-08-25 00:26:45,2026-08-25 00:26:45,#23640 upgrade: print the fetch heading before prefetch,Library/Homebrew/cmd,2,,merge
#23640,2026-08-24 14:16:55,2026-08-24 14:16:55,#23640 upgrade: print the fetch heading before prefetch,Library/Homebrew/cmd,2,,commit
#23648,2026-08-24 19:39:21,2026-08-24 20:01:53,#23648 bundle: fail Flatpak entries when flatpak is not,Library/Homebrew/bundle,1,,
#23648,2026-08-24 20:01:53,2026-08-24 20:01:53,#23648 bundle: fail Flatpak entries when flatpak is not,Library/Homebrew/bundle,2,,merge
#23648,2026-08-24 19:39:21,2026-08-24 19:39:21,#23648 bundle: fail Flatpak entries when flatpak is not,Library/Homebrew/bundle,2,,commit
#23643,2026-08-24 08:10:19,2026-08-24 19:21:26,#23643 Drive bottle pours from relocation metadata,Library/Homebrew/extend,1,,
#23643,2026-08-24 19:21:26,2026-08-24 19:21:26,#23643 Drive bottle pours from relocation metadata,Library/Homebrew/extend,2,,merge
#23643,2026-08-24 08:10:19,2026-08-24 08:10:19,#23643 Drive bottle pours from relocation metadata,Library/Homebrew/extend,2,,commit
#23641,2026-08-24 15:50:23,2026-08-24 19:12:32,#23641 Run privileged cask install steps in the parent ,Library/Homebrew,1,,
#23641,2026-08-24 19:12:32,2026-08-24 19:12:32,#23641 Run privileged cask install steps in the parent ,Library/Homebrew,2,,merge
#23641,2026-08-24 15:50:23,2026-08-24 15:50:23,#23641 Run privileged cask install steps in the parent ,Library/Homebrew,2,,commit
#23641,2026-08-24 18:51:40,2026-08-24 18:51:40,#23641 Run privileged cask install steps in the parent ,Library/Homebrew,2,,commit
#23642,2026-08-24 17:12:30,2026-08-24 19:00:21,#23642 Add brew tests --load-only and break the install,Library/Homebrew,1,,
#23642,2026-08-24 19:00:21,2026-08-24 19:00:21,#23642 Add brew tests --load-only and break the install,Library/Homebrew,2,,merge
#23642,2026-08-24 17:12:30,2026-08-24 17:12:30,#23642 Add brew tests --load-only and break the install,Library/Homebrew,2,,commit
#23639,2026-08-24 14:21:23,2026-08-24 15:25:39,#23639 Migrate analytics to brew.sh proxy,Library/Homebrew/utils,1,,
#23639,2026-08-24 15:25:39,2026-08-24 15:25:39,#23639 Migrate analytics to brew.sh proxy,Library/Homebrew/utils,2,,merge
#23639,2026-08-24 14:21:23,2026-08-24 14:21:23,#23639 Migrate analytics to brew.sh proxy,Library/Homebrew/utils,2,,commit
#23632,2026-08-23 19:07:55,2026-08-24 07:43:58,#23632 pathname/disk_usage_extension: fix double path t,Library/Homebrew/extend,1,,
#23632,2026-08-24 07:43:58,2026-08-24 07:43:58,#23632 pathname/disk_usage_extension: fix double path t,Library/Homebrew/extend,2,,merge
#23632,2026-08-23 19:07:55,2026-08-23 19:07:55,#23632 pathname/disk_usage_extension: fix double path t,Library/Homebrew/extend,2,,commit
#23623,2026-08-22 23:37:45,2026-08-24 07:43:56,#23623 generate-zap: resolve apps from package receipts,Library/Homebrew/dev-cmd,1,,
#23623,2026-08-24 07:43:56,2026-08-24 07:43:56,#23623 generate-zap: resolve apps from package receipts,Library/Homebrew/dev-cmd,2,,merge
#23623,2026-08-22 23:37:45,2026-08-22 23:37:45,#23623 generate-zap: resolve apps from package receipts,Library/Homebrew/dev-cmd,2,,commit
#23623,2026-08-22 23:55:30,2026-08-22 23:55:30,#23623 generate-zap: resolve apps from package receipts,Library/Homebrew/dev-cmd,2,,commit
#23623,2026-08-23 17:10:32,2026-08-23 17:10:32,#23623 generate-zap: resolve apps from package receipts,Library/Homebrew/dev-cmd,2,,commit
#23637,2026-08-23 21:12:43,2026-08-24 07:43:53,"#23637 cc shim: compare by canonicalizing both sides, f",Library/Homebrew/shims,1,,
#23637,2026-08-24 07:43:53,2026-08-24 07:43:53,"#23637 cc shim: compare by canonicalizing both sides, f",Library/Homebrew/shims,2,,merge
#23637,2026-08-23 21:12:43,2026-08-23 21:12:43,"#23637 cc shim: compare by canonicalizing both sides, f",Library/Homebrew/shims,2,,commit
#23635,2026-08-23 19:53:18,2026-08-23 23:04:44,#23635 Make network access allowances exclusive,Library/Homebrew,1,,
#23635,2026-08-23 23:04:44,2026-08-23 23:04:44,#23635 Make network access allowances exclusive,Library/Homebrew,2,,merge
#23635,2026-08-23 19:53:18,2026-08-23 19:53:18,#23635 Make network access allowances exclusive,Library/Homebrew,2,,commit
#23636,2026-08-23 20:16:02,2026-08-23 22:03:45,#23636 Avoid eager PatchELF signature evaluation,Library/Homebrew/os,1,,
#23636,2026-08-23 22:03:45,2026-08-23 22:03:45,#23636 Avoid eager PatchELF signature evaluation,Library/Homebrew/os,2,,merge
#23636,2026-08-23 20:16:02,2026-08-23 20:16:02,#23636 Avoid eager PatchELF signature evaluation,Library/Homebrew/os,2,,commit
#23636,2026-08-23 21:41:48,2026-08-23 21:41:48,#23636 Avoid eager PatchELF signature evaluation,Library/Homebrew/os,2,,commit
#23633,2026-08-23 18:46:54,2026-08-23 20:19:19,#23633 Clean up stale versioned opt aliases,Library/Homebrew,1,,
#23633,2026-08-23 20:19:19,2026-08-23 20:19:19,#23633 Clean up stale versioned opt aliases,Library/Homebrew,2,,merge
#23633,2026-08-23 18:46:54,2026-08-23 18:46:54,#23633 Clean up stale versioned opt aliases,Library/Homebrew,2,,commit
#23629,2026-08-23 09:43:14,2026-08-23 20:06:47,#23629 Record bottle relocation metadata,Library/Homebrew/extend,1,,
#23629,2026-08-23 20:06:47,2026-08-23 20:06:47,#23629 Record bottle relocation metadata,Library/Homebrew/extend,2,,merge
#23629,2026-08-23 09:43:14,2026-08-23 09:43:14,#23629 Record bottle relocation metadata,Library/Homebrew/extend,2,,commit
#23634,2026-08-23 19:42:28,2026-08-23 20:02:06,#23634 vulns: close reviewed open ranges and fix histor,Library/Homebrew/vulns,1,,
#23634,2026-08-23 20:02:06,2026-08-23 20:02:06,#23634 vulns: close reviewed open ranges and fix histor,Library/Homebrew/vulns,2,,merge
#23634,2026-08-23 19:42:28,2026-08-23 19:42:28,#23634 vulns: close reviewed open ranges and fix histor,Library/Homebrew/vulns,2,,commit
#23634,2026-08-23 19:42:36,2026-08-23 19:42:36,#23634 vulns: close reviewed open ranges and fix histor,Library/Homebrew/vulns,2,,commit
#23627,2026-08-23 09:23:58,2026-08-23 18:42:32,#23627 Add TODO for Cargo release cooldown,Library/Homebrew,1,,
#23627,2026-08-23 18:42:32,2026-08-23 18:42:32,#23627 Add TODO for Cargo release cooldown,Library/Homebrew,2,,merge
#23627,2026-08-23 09:23:58,2026-08-23 09:23:58,#23627 Add TODO for Cargo release cooldown,Library/Homebrew,2,,commit
#23630,2026-08-20 22:39:47,2026-08-23 14:37:59,#23630 sorbet: Bump more tests to higher typed levels,Library/Homebrew/sorbet,1,,
#23630,2026-08-23 14:37:59,2026-08-23 14:37:59,#23630 sorbet: Bump more tests to higher typed levels,Library/Homebrew/sorbet,2,,merge
#23630,2026-08-20 22:39:47,2026-08-20 22:39:47,#23630 sorbet: Bump more tests to higher typed levels,Library/Homebrew/sorbet,2,,commit
#23630,2026-08-20 22:39:56,2026-08-20 22:39:56,#23630 sorbet: Bump more tests to higher typed levels,Library/Homebrew/sorbet,2,,commit
#23630,2026-08-23 14:05:00,2026-08-23 14:05:00,#23630 sorbet: Bump more tests to higher typed levels,Library/Homebrew/sorbet,2,,commit
#23622,2026-08-22 17:37:39,2026-08-23 08:46:44,#23622 Select the native architecture's dynamic linker ,Library/Homebrew/dev-cmd,1,,
#23622,2026-08-23 08:46:44,2026-08-23 08:46:44,#23622 Select the native architecture's dynamic linker ,Library/Homebrew/dev-cmd,2,,merge
#23622,2026-08-22 17:37:39,2026-08-22 17:37:39,#23622 Select the native architecture's dynamic linker ,Library/Homebrew/dev-cmd,2,,commit
#23622,2026-08-22 17:37:44,2026-08-22 17:37:44,#23622 Select the native architecture's dynamic linker ,Library/Homebrew/dev-cmd,2,,commit
#23625,2026-08-23 02:53:57,2026-08-23 08:44:48,#23625 formatter: fix comma placement for negative numb,Library/Homebrew/utils,1,,
#23625,2026-08-23 08:44:48,2026-08-23 08:44:48,#23625 formatter: fix comma placement for negative numb,Library/Homebrew/utils,2,,merge
#23625,2026-08-23 02:53:57,2026-08-23 02:53:57,#23625 formatter: fix comma placement for negative numb,Library/Homebrew/utils,2,,commit
#23626,2026-08-23 04:42:53,2026-08-23 08:34:47,#23626 test/cmd/which-formula_spec: avoid modifications,Library/Homebrew/test,1,,
#23626,2026-08-23 08:34:47,2026-08-23 08:34:47,#23626 test/cmd/which-formula_spec: avoid modifications,Library/Homebrew/test,2,,merge
#23626,2026-08-23 04:42:53,2026-08-23 04:42:53,#23626 test/cmd/which-formula_spec: avoid modifications,Library/Homebrew/test,2,,commit
#23624,2026-08-23 00:19:46,2026-08-23 05:00:25,#23624 sorbet files update,Library/Homebrew/sorbet,1,,
#23624,2026-08-23 05:00:25,2026-08-23 05:00:25,#23624 sorbet files update,Library/Homebrew/sorbet,2,,merge
#23624,2026-08-23 00:19:46,2026-08-23 00:19:46,#23624 sorbet files update,Library/Homebrew/sorbet,2,,commit
#23615,2026-08-22 08:17:47,2026-08-22 12:34:45,#23615 Improve and cleanup cask downloads,Library/Homebrew/cask,1,,
#23615,2026-08-22 12:34:45,2026-08-22 12:34:45,#23615 Improve and cleanup cask downloads,Library/Homebrew/cask,2,,merge
#23615,2026-08-22 08:17:47,2026-08-22 08:17:47,#23615 Improve and cleanup cask downloads,Library/Homebrew/cask,2,,commit
#23617,2026-08-22 09:26:54,2026-08-22 11:11:09,#23617 cask/artifact: don't copy xattrs when quarantine,Library/Homebrew/cask,1,,
#23617,2026-08-22 11:11:09,2026-08-22 11:11:09,#23617 cask/artifact: don't copy xattrs when quarantine,Library/Homebrew/cask,2,,merge
#23617,2026-08-22 09:26:54,2026-08-22 09:26:54,#23617 cask/artifact: don't copy xattrs when quarantine,Library/Homebrew/cask,2,,commit
#23612,2026-08-22 07:01:09,2026-08-22 11:08:56,#23612 Resolve cask system languages before artifact in,Library/Homebrew/extend,1,,
#23612,2026-08-22 11:08:56,2026-08-22 11:08:56,#23612 Resolve cask system languages before artifact in,Library/Homebrew/extend,2,,merge
#23612,2026-08-22 07:01:09,2026-08-22 07:01:09,#23612 Resolve cask system languages before artifact in,Library/Homebrew/extend,2,,commit
#23612,2026-08-22 07:03:43,2026-08-22 07:03:43,#23612 Resolve cask system languages before artifact in,Library/Homebrew/extend,2,,commit
#23612,2026-08-22 07:08:33,2026-08-22 07:08:33,#23612 Resolve cask system languages before artifact in,Library/Homebrew/extend,2,,commit
#23612,2026-08-22 07:13:50,2026-08-22 07:13:50,#23612 Resolve cask system languages before artifact in,Library/Homebrew/extend,2,,commit
#23612,2026-08-22 07:50:03,2026-08-22 07:50:03,#23612 Resolve cask system languages before artifact in,Library/Homebrew/extend,2,,commit
#23612,2026-08-22 08:45:57,2026-08-22 08:45:57,#23612 Resolve cask system languages before artifact in,Library/Homebrew/extend,2,,commit
#23612,2026-08-22 09:39:23,2026-08-22 09:39:23,#23612 Resolve cask system languages before artifact in,Library/Homebrew/extend,2,,commit
#23616,2026-08-22 08:16:09,2026-08-22 09:53:32,#23616 tests: speed up slow tests,Library/Homebrew/test,1,,
#23616,2026-08-22 09:53:32,2026-08-22 09:53:32,#23616 tests: speed up slow tests,Library/Homebrew/test,2,,merge
#23616,2026-08-22 08:16:09,2026-08-22 08:16:09,#23616 tests: speed up slow tests,Library/Homebrew/test,2,,commit
#23613,2026-08-22 07:46:18,2026-08-22 09:31:36,#23613 Suppress stderr for generated cask completions,Library/Homebrew/cask,1,,
#23613,2026-08-22 09:31:36,2026-08-22 09:31:36,#23613 Suppress stderr for generated cask completions,Library/Homebrew/cask,2,,merge
#23613,2026-08-22 07:46:18,2026-08-22 07:46:18,#23613 Suppress stderr for generated cask completions,Library/Homebrew/cask,2,,commit
#23614,2026-08-22 06:46:20,2026-08-22 08:24:02,#23614 untap: require CaskLoader,Library/Homebrew/cmd,1,,
#23614,2026-08-22 08:24:02,2026-08-22 08:24:02,#23614 untap: require CaskLoader,Library/Homebrew/cmd,2,,merge
#23614,2026-08-22 06:46:20,2026-08-22 06:46:20,#23614 untap: require CaskLoader,Library/Homebrew/cmd,2,,commit
#23611,2026-08-22 06:51:54,2026-08-22 07:16:28,#23611 Load cask loader for cask search,Library/Homebrew,1,,
#23611,2026-08-22 07:16:28,2026-08-22 07:16:28,#23611 Load cask loader for cask search,Library/Homebrew,2,,merge
#23611,2026-08-22 06:51:54,2026-08-22 06:51:54,#23611 Load cask loader for cask search,Library/Homebrew,2,,commit
#23604,2026-08-21 19:06:19,2026-08-22 06:40:49,#23604 dev-cmd/extract: write local patches,Library/Homebrew/dev-cmd,1,,
#23604,2026-08-22 06:40:49,2026-08-22 06:40:49,#23604 dev-cmd/extract: write local patches,Library/Homebrew/dev-cmd,2,,merge
#23604,2026-08-21 19:06:19,2026-08-21 19:06:19,#23604 dev-cmd/extract: write local patches,Library/Homebrew/dev-cmd,2,,commit
#23604,2026-08-21 20:14:26,2026-08-21 20:14:26,#23604 dev-cmd/extract: write local patches,Library/Homebrew/dev-cmd,2,,commit
#23604,2026-08-21 23:26:40,2026-08-21 23:26:40,#23604 dev-cmd/extract: write local patches,Library/Homebrew/dev-cmd,2,,commit
#23608,2026-08-21 22:25:37,2026-08-22 06:40:45,#23608 cask/upgrade: don't read quarantine metadata whe,Library/Homebrew/cask,1,,
#23608,2026-08-22 06:40:45,2026-08-22 06:40:45,#23608 cask/upgrade: don't read quarantine metadata whe,Library/Homebrew/cask,2,,merge
#23608,2026-08-21 22:25:37,2026-08-21 22:25:37,#23608 cask/upgrade: don't read quarantine metadata whe,Library/Homebrew/cask,2,,commit
#23610,2026-08-22 05:05:12,2026-08-22 06:39:00,#23610 advisory-match: add --new-history to skip review,Library/Homebrew/vulns,1,,
#23610,2026-08-22 06:39:00,2026-08-22 06:39:00,#23610 advisory-match: add --new-history to skip review,Library/Homebrew/vulns,2,,merge
#23610,2026-08-22 05:05:12,2026-08-22 05:05:12,#23610 advisory-match: add --new-history to skip review,Library/Homebrew/vulns,2,,commit
#23610,2026-08-22 05:05:19,2026-08-22 05:05:19,#23610 advisory-match: add --new-history to skip review,Library/Homebrew/vulns,2,,commit
#23607,2026-08-21 20:47:20,2026-08-22 06:36:12,#23607 Release FFI Core Foundation objects deterministi,Library/Homebrew/os,1,,
#23607,2026-08-22 06:36:12,2026-08-22 06:36:12,#23607 Release FFI Core Foundation objects deterministi,Library/Homebrew/os,2,,merge
#23607,2026-08-21 20:47:20,2026-08-21 20:47:20,#23607 Release FFI Core Foundation objects deterministi,Library/Homebrew/os,2,,commit
#23607,2026-08-22 04:22:20,2026-08-22 04:22:20,#23607 Release FFI Core Foundation objects deterministi,Library/Homebrew/os,2,,commit
#23607,2026-08-22 04:26:03,2026-08-22 04:26:03,#23607 Release FFI Core Foundation objects deterministi,Library/Homebrew/os,2,,commit
#23607,2026-08-22 04:43:13,2026-08-22 04:43:13,#23607 Release FFI Core Foundation objects deterministi,Library/Homebrew/os,2,,commit
#23596,2026-08-21 14:48:08,2026-08-21 23:43:43,#23596 Suppress no-op cleanup output,Library/Homebrew/bundle,1,,
#23596,2026-08-21 23:43:43,2026-08-21 23:43:43,#23596 Suppress no-op cleanup output,Library/Homebrew/bundle,2,,merge
#23596,2026-08-21 14:48:08,2026-08-21 14:48:08,#23596 Suppress no-op cleanup output,Library/Homebrew/bundle,2,,commit
#23601,2026-08-21 14:47:24,2026-08-21 23:43:34,#23601 Add brew benchmark for cold and warm workloads,Library/Homebrew/dev-cmd,1,,
#23601,2026-08-21 23:43:34,2026-08-21 23:43:34,#23601 Add brew benchmark for cold and warm workloads,Library/Homebrew/dev-cmd,2,,merge
#23601,2026-08-21 14:47:24,2026-08-21 14:47:24,#23601 Add brew benchmark for cold and warm workloads,Library/Homebrew/dev-cmd,2,,commit
#23605,2026-08-21 18:47:09,2026-08-21 20:26:21,#23605 Add relocatable bottles plan,Library/Homebrew/plans,1,,
#23605,2026-08-21 20:26:21,2026-08-21 20:26:21,#23605 Add relocatable bottles plan,Library/Homebrew/plans,2,,merge
#23605,2026-08-21 18:47:09,2026-08-21 18:47:09,#23605 Add relocatable bottles plan,Library/Homebrew/plans,2,,commit
#23600,2026-08-21 08:29:10,2026-08-21 14:16:50,#23600 Handle unknown user in trust file,Library/Homebrew,1,,
#23600,2026-08-21 14:16:50,2026-08-21 14:16:50,#23600 Handle unknown user in trust file,Library/Homebrew,2,,merge
#23600,2026-08-21 08:29:10,2026-08-21 08:29:10,#23600 Handle unknown user in trust file,Library/Homebrew,2,,commit
#23603,2026-08-21 11:31:09,2026-08-21 14:16:17,#23603 Handle empty API Cask flight blocks,Library/Homebrew/api,1,,
#23603,2026-08-21 14:16:17,2026-08-21 14:16:17,#23603 Handle empty API Cask flight blocks,Library/Homebrew/api,2,,merge
#23603,2026-08-21 11:31:09,2026-08-21 11:31:09,#23603 Handle empty API Cask flight blocks,Library/Homebrew/api,2,,commit
#23511,2026-08-13 16:32:58,2026-08-21 11:48:24,#23511 vulns: include OSS-Fuzz patch fixes as GIT ecosy,Library/Homebrew/vulns,1,,
#23511,2026-08-21 11:48:24,2026-08-21 11:48:24,#23511 vulns: include OSS-Fuzz patch fixes as GIT ecosy,Library/Homebrew/vulns,2,,merge
#23511,2026-08-13 16:32:58,2026-08-13 16:32:58,#23511 vulns: include OSS-Fuzz patch fixes as GIT ecosy,Library/Homebrew/vulns,2,,commit
#23511,2026-08-21 07:51:45,2026-08-21 07:51:45,#23511 vulns: include OSS-Fuzz patch fixes as GIT ecosy,Library/Homebrew/vulns,2,,commit
#23511,2026-08-21 11:28:24,2026-08-21 11:28:24,#23511 vulns: include OSS-Fuzz patch fixes as GIT ecosy,Library/Homebrew/vulns,2,,commit
#23594,2026-08-21 08:08:50,2026-08-21 10:56:32,#23594 build(deps): bump the bundler group across 2 dir,Library/Homebrew/vendor,1,,
#23594,2026-08-21 10:56:32,2026-08-21 10:56:32,#23594 build(deps): bump the bundler group across 2 dir,Library/Homebrew/vendor,2,,merge
#23594,2026-08-21 08:08:50,2026-08-21 08:08:50,#23594 build(deps): bump the bundler group across 2 dir,Library/Homebrew/vendor,2,,commit
#23594,2026-08-21 08:09:41,2026-08-21 08:09:41,#23594 build(deps): bump the bundler group across 2 dir,Library/Homebrew/vendor,2,,commit
#23594,2026-08-21 08:09:51,2026-08-21 08:09:51,#23594 build(deps): bump the bundler group across 2 dir,Library/Homebrew/vendor,2,,commit
#23594,2026-08-21 10:36:37,2026-08-21 10:36:37,#23594 build(deps): bump the bundler group across 2 dir,Library/Homebrew/vendor,2,,commit
#23595,2026-08-21 08:13:50,2026-08-21 10:56:32,#23595 build(deps): bump the github-actions group acros,.github/workflows,1,,
#23595,2026-08-21 10:56:32,2026-08-21 10:56:32,#23595 build(deps): bump the github-actions group acros,.github/workflows,2,,merge
#23595,2026-08-21 08:13:50,2026-08-21 08:13:50,#23595 build(deps): bump the github-actions group acros,.github/workflows,2,,commit
#23595,2026-08-21 10:36:42,2026-08-21 10:36:42,#23595 build(deps): bump the github-actions group acros,.github/workflows,2,,commit
#23597,2026-08-21 08:18:59,2026-08-21 10:55:01,#23597 Invalidate bottle cache for local patches,Library/Homebrew/test_bot,1,,
#23597,2026-08-21 10:55:01,2026-08-21 10:55:01,#23597 Invalidate bottle cache for local patches,Library/Homebrew/test_bot,2,,merge
#23597,2026-08-21 08:18:59,2026-08-21 08:18:59,#23597 Invalidate bottle cache for local patches,Library/Homebrew/test_bot,2,,commit
#23597,2026-08-21 10:36:26,2026-08-21 10:36:26,#23597 Invalidate bottle cache for local patches,Library/Homebrew/test_bot,2,,commit
#23598,2026-08-21 08:31:45,2026-08-21 09:46:57,#23598 docs: fix Vale errors,docs,1,,
#23598,2026-08-21 09:46:57,2026-08-21 09:46:57,#23598 docs: fix Vale errors,docs,2,,merge
#23598,2026-08-21 08:31:45,2026-08-21 08:31:45,#23598 docs: fix Vale errors,docs,2,,commit
#23591,2026-08-20 20:24:17,2026-08-20 20:48:00,#23591 Skip warm GHCR manifest cache discovery,Library/Homebrew/download_strategy,1,,
#23591,2026-08-20 20:48:00,2026-08-20 20:48:00,#23591 Skip warm GHCR manifest cache discovery,Library/Homebrew/download_strategy,2,,merge
#23591,2026-08-20 20:24:17,2026-08-20 20:24:17,#23591 Skip warm GHCR manifest cache discovery,Library/Homebrew/download_strategy,2,,commit
#23590,2026-08-20 19:28:23,2026-08-20 19:56:10,#23590 Cover profiler cache key stability,Library/Homebrew/test,1,,
#23590,2026-08-20 19:56:10,2026-08-20 19:56:10,#23590 Cover profiler cache key stability,Library/Homebrew/test,2,,merge
#23590,2026-08-20 19:28:23,2026-08-20 19:28:23,#23590 Cover profiler cache key stability,Library/Homebrew/test,2,,commit
#23589,2026-08-20 17:55:07,2026-08-20 19:46:43,#23589 keg_relocate: skip running patchelf on bun binar,Library/Homebrew/extend,1,,
#23589,2026-08-20 19:46:43,2026-08-20 19:46:43,#23589 keg_relocate: skip running patchelf on bun binar,Library/Homebrew/extend,2,,merge
#23589,2026-08-20 17:55:07,2026-08-20 17:55:07,#23589 keg_relocate: skip running patchelf on bun binar,Library/Homebrew/extend,2,,commit
#23587,2026-08-20 14:29:07,2026-08-20 15:51:40,#23587 Load cask loader for list versions,Library/Homebrew/cmd,1,,
#23587,2026-08-20 15:51:40,2026-08-20 15:51:40,#23587 Load cask loader for list versions,Library/Homebrew/cmd,2,,merge
#23587,2026-08-20 14:29:07,2026-08-20 14:29:07,#23587 Load cask loader for list versions,Library/Homebrew/cmd,2,,commit
#23572,2026-08-19 20:06:17,2026-08-20 14:34:50,#23572 Defer API formula inflation,Library/Homebrew/api,1,,
#23572,2026-08-20 14:34:50,2026-08-20 14:34:50,#23572 Defer API formula inflation,Library/Homebrew/api,2,,merge
#23572,2026-08-19 20:06:17,2026-08-19 20:06:17,#23572 Defer API formula inflation,Library/Homebrew/api,2,,commit
#23583,2026-08-20 10:46:39,2026-08-20 14:13:44,#23583 Stabilise install-dependent tests,Library/Homebrew/test,1,,
#23583,2026-08-20 14:13:44,2026-08-20 14:13:44,#23583 Stabilise install-dependent tests,Library/Homebrew/test,2,,merge
#23583,2026-08-20 10:46:39,2026-08-20 10:46:39,#23583 Stabilise install-dependent tests,Library/Homebrew/test,2,,commit
#23585,2026-08-20 09:51:26,2026-08-20 10:30:37,#23585 Update maintainers.,docs,1,,
#23585,2026-08-20 10:30:37,2026-08-20 10:30:37,#23585 Update maintainers.,docs,2,,merge
#23585,2026-08-20 09:51:26,2026-08-20 09:51:26,#23585 Update maintainers.,docs,2,,commit
#23581,2026-08-20 06:15:30,2026-08-20 09:51:49,#23581 cache_store: make CacheStoreDatabase.use thread-,Library/Homebrew,1,,
#23581,2026-08-20 09:51:49,2026-08-20 09:51:49,#23581 cache_store: make CacheStoreDatabase.use thread-,Library/Homebrew,2,,merge
#23581,2026-08-20 06:15:30,2026-08-20 06:15:30,#23581 cache_store: make CacheStoreDatabase.use thread-,Library/Homebrew,2,,commit
#23581,2026-08-20 09:30:59,2026-08-20 09:30:59,#23581 cache_store: make CacheStoreDatabase.use thread-,Library/Homebrew,2,,commit
#23584,2026-08-20 08:17:11,2026-08-20 09:41:52,#23584 Fix cask extract integrity,Library/Homebrew/cask,1,,
#23584,2026-08-20 09:41:52,2026-08-20 09:41:52,#23584 Fix cask extract integrity,Library/Homebrew/cask,2,,merge
#23584,2026-08-20 08:17:11,2026-08-20 08:17:11,#23584 Fix cask extract integrity,Library/Homebrew/cask,2,,commit
#23584,2026-08-20 08:36:26,2026-08-20 08:36:26,#23584 Fix cask extract integrity,Library/Homebrew/cask,2,,commit
#23584,2026-08-20 09:05:10,2026-08-20 09:05:10,#23584 Fix cask extract integrity,Library/Homebrew/cask,2,,commit
#23584,2026-08-20 09:21:32,2026-08-20 09:21:32,#23584 Fix cask extract integrity,Library/Homebrew/cask,2,,commit
#23573,2026-08-20 08:05:34,2026-08-20 09:21:35,#23573 Stabilise Bootsnap cache keys,Library/Homebrew/startup,1,,
#23573,2026-08-20 09:21:35,2026-08-20 09:21:35,#23573 Stabilise Bootsnap cache keys,Library/Homebrew/startup,2,,merge
#23573,2026-08-20 08:05:34,2026-08-20 08:05:34,#23573 Stabilise Bootsnap cache keys,Library/Homebrew/startup,2,,commit
#23579,2026-08-19 15:16:07,2026-08-20 08:00:25,#23579 sorbet: Bump more utility tests to higher typed ,Library/Homebrew/test,1,,
#23579,2026-08-20 08:00:25,2026-08-20 08:00:25,#23579 sorbet: Bump more utility tests to higher typed ,Library/Homebrew/test,2,,merge
#23579,2026-08-19 15:16:07,2026-08-19 15:16:07,#23579 sorbet: Bump more utility tests to higher typed ,Library/Homebrew/test,2,,commit
#23578,2026-08-19 13:14:30,2026-08-20 08:00:24,#23578 sorbet: Bump more RuboCop tests to higher typed ,Library/Homebrew/test,1,,
#23578,2026-08-20 08:00:24,2026-08-20 08:00:24,#23578 sorbet: Bump more RuboCop tests to higher typed ,Library/Homebrew/test,2,,merge
#23578,2026-08-19 13:14:30,2026-08-19 13:14:30,#23578 sorbet: Bump more RuboCop tests to higher typed ,Library/Homebrew/test,2,,commit
#23577,2026-08-19 12:13:10,2026-08-20 08:00:24,#23577 sorbet: Bump more core tests to higher typed lev,Library/Homebrew/test,1,,
#23577,2026-08-20 08:00:24,2026-08-20 08:00:24,#23577 sorbet: Bump more core tests to higher typed lev,Library/Homebrew/test,2,,merge
#23577,2026-08-19 12:13:10,2026-08-19 12:13:10,#23577 sorbet: Bump more core tests to higher typed lev,Library/Homebrew/test,2,,commit
#23576,2026-08-19 10:11:11,2026-08-20 08:00:23,#23576 sorbet: Bump more command tests to higher typed ,Library/Homebrew/test,1,,
#23576,2026-08-20 08:00:23,2026-08-20 08:00:23,#23576 sorbet: Bump more command tests to higher typed ,Library/Homebrew/test,2,,merge
#23576,2026-08-19 10:11:11,2026-08-19 10:11:11,#23576 sorbet: Bump more command tests to higher typed ,Library/Homebrew/test,2,,commit
#23575,2026-08-19 09:10:25,2026-08-20 08:00:22,#23575 sorbet: Bump more OS-specific tests to higher ty,Library/Homebrew/test,1,,
#23575,2026-08-20 08:00:22,2026-08-20 08:00:22,#23575 sorbet: Bump more OS-specific tests to higher ty,Library/Homebrew/test,2,,merge
#23575,2026-08-19 09:10:25,2026-08-19 09:10:25,#23575 sorbet: Bump more OS-specific tests to higher ty,Library/Homebrew/test,2,,commit
#23574,2026-08-19 09:06:06,2026-08-20 08:00:22,#23574 sorbet: Bump more Cask tests to higher typed lev,Library/Homebrew/sorbet,1,,
#23574,2026-08-20 08:00:22,2026-08-20 08:00:22,#23574 sorbet: Bump more Cask tests to higher typed lev,Library/Homebrew/sorbet,2,,merge
#23574,2026-08-19 09:06:06,2026-08-19 09:06:06,#23574 sorbet: Bump more Cask tests to higher typed lev,Library/Homebrew/sorbet,2,,commit
#23570,2026-08-19 18:28:12,2026-08-19 18:57:31,#23570 Load cask loader when reading Caskroom,Library/Homebrew/cask,1,,
#23570,2026-08-19 18:57:31,2026-08-19 18:57:31,#23570 Load cask loader when reading Caskroom,Library/Homebrew/cask,2,,merge
#23570,2026-08-19 18:28:12,2026-08-19 18:28:12,#23570 Load cask loader when reading Caskroom,Library/Homebrew/cask,2,,commit
#23571,2026-08-19 18:28:38,2026-08-19 18:57:19,#23571 missing_formula: defer cask/info require,Library/Homebrew/extend,1,,
#23571,2026-08-19 18:57:19,2026-08-19 18:57:19,#23571 missing_formula: defer cask/info require,Library/Homebrew/extend,2,,merge
#23571,2026-08-19 18:28:38,2026-08-19 18:28:38,#23571 missing_formula: defer cask/info require,Library/Homebrew/extend,2,,commit
#23568,2026-08-19 17:53:28,2026-08-19 18:23:54,#23568 generate-cask-ci-matrix: test lazy CaskLoader re,Library/Homebrew/test,1,,
#23568,2026-08-19 18:23:54,2026-08-19 18:23:54,#23568 generate-cask-ci-matrix: test lazy CaskLoader re,Library/Homebrew/test,2,,merge
#23568,2026-08-19 17:53:28,2026-08-19 17:53:28,#23568 generate-cask-ci-matrix: test lazy CaskLoader re,Library/Homebrew/test,2,,commit
#23566,2026-08-19 16:25:02,2026-08-19 17:03:16,#23566 generate-cask-ci-matrix: require Cask::CaskLoade,Library/Homebrew/dev-cmd,1,,
#23566,2026-08-19 17:03:16,2026-08-19 17:03:16,#23566 generate-cask-ci-matrix: require Cask::CaskLoade,Library/Homebrew/dev-cmd,2,,merge
#23566,2026-08-19 16:25:02,2026-08-19 16:25:02,#23566 generate-cask-ci-matrix: require Cask::CaskLoade,Library/Homebrew/dev-cmd,2,,commit
#23565,2026-08-19 16:20:32,2026-08-19 16:43:11,#23565 utils/rubocop: activate installed platform Rubyd,Library/Homebrew/utils,1,,
#23565,2026-08-19 16:43:11,2026-08-19 16:43:11,#23565 utils/rubocop: activate installed platform Rubyd,Library/Homebrew/utils,2,,merge
#23565,2026-08-19 16:20:32,2026-08-19 16:20:32,#23565 utils/rubocop: activate installed platform Rubyd,Library/Homebrew/utils,2,,commit
#23563,2026-08-19 14:40:56,2026-08-19 15:27:13,#23563 rubocops/uses_from_macos: add `lldb` to provided,Library/Homebrew/rubocops,1,,
#23563,2026-08-19 15:27:13,2026-08-19 15:27:13,#23563 rubocops/uses_from_macos: add `lldb` to provided,Library/Homebrew/rubocops,2,,merge
#23563,2026-08-19 14:40:56,2026-08-19 14:40:56,#23563 rubocops/uses_from_macos: add `lldb` to provided,Library/Homebrew/rubocops,2,,commit
#23560,2026-08-19 14:22:45,2026-08-19 15:04:50,#23560 Reduce install command load time,Library/Homebrew,1,,
#23560,2026-08-19 15:04:50,2026-08-19 15:04:50,#23560 Reduce install command load time,Library/Homebrew,2,,merge
#23560,2026-08-19 14:22:45,2026-08-19 14:22:45,#23560 Reduce install command load time,Library/Homebrew,2,,commit
#23561,2026-08-18 19:29:55,2026-08-19 13:28:51,#23561 Allow nested sandbox integration tests,Library/Homebrew/test,1,,
#23561,2026-08-19 13:28:51,2026-08-19 13:28:51,#23561 Allow nested sandbox integration tests,Library/Homebrew/test,2,,merge
#23561,2026-08-18 19:29:55,2026-08-18 19:29:55,#23561 Allow nested sandbox integration tests,Library/Homebrew/test,2,,commit
#23559,2026-08-19 02:40:55,2026-08-19 13:22:49,#23559 cask/artifact: support wildcards in uninstall qu,Library/Homebrew/rubocops,1,,
#23559,2026-08-19 13:22:49,2026-08-19 13:22:49,#23559 cask/artifact: support wildcards in uninstall qu,Library/Homebrew/rubocops,2,,merge
#23559,2026-08-19 02:40:55,2026-08-19 02:40:55,#23559 cask/artifact: support wildcards in uninstall qu,Library/Homebrew/rubocops,2,,commit
#23559,2026-08-19 09:06:17,2026-08-19 09:06:17,#23559 cask/artifact: support wildcards in uninstall qu,Library/Homebrew/rubocops,2,,commit
#23552,2026-08-17 08:14:42,2026-08-19 13:06:39,#23552 Defer package summaries until cleanup,Library/Homebrew/cmd,1,,
#23552,2026-08-19 13:06:39,2026-08-19 13:06:39,#23552 Defer package summaries until cleanup,Library/Homebrew/cmd,2,,merge
#23552,2026-08-17 08:14:42,2026-08-17 08:14:42,#23552 Defer package summaries until cleanup,Library/Homebrew/cmd,2,,commit
#23551,2026-08-17 08:14:14,2026-08-19 13:06:38,#23551 Order upgrade package phases,Library/Homebrew/cmd,1,,
#23551,2026-08-19 13:06:38,2026-08-19 13:06:38,#23551 Order upgrade package phases,Library/Homebrew/cmd,2,,merge
#23551,2026-08-17 08:14:14,2026-08-17 08:14:14,#23551 Order upgrade package phases,Library/Homebrew/cmd,2,,commit
#23550,2026-08-17 08:13:40,2026-08-19 13:06:38,#23550 Order reinstall package phases,Library/Homebrew/cask,1,,
#23550,2026-08-19 13:06:38,2026-08-19 13:06:38,#23550 Order reinstall package phases,Library/Homebrew/cask,2,,merge
#23550,2026-08-17 08:13:40,2026-08-17 08:13:40,#23550 Order reinstall package phases,Library/Homebrew/cask,2,,commit
#23549,2026-08-17 08:13:09,2026-08-19 13:06:37,#23549 Order install package phases,Library/Homebrew/cmd,1,,
#23549,2026-08-19 13:06:37,2026-08-19 13:06:37,#23549 Order install package phases,Library/Homebrew/cmd,2,,merge
#23549,2026-08-17 08:13:09,2026-08-17 08:13:09,#23549 Order install package phases,Library/Homebrew/cmd,2,,commit
#23548,2026-08-17 08:12:34,2026-08-19 13:06:36,#23548 Prepare combined upgrade planning,Library/Homebrew/cask,1,,
#23548,2026-08-19 13:06:36,2026-08-19 13:06:36,#23548 Prepare combined upgrade planning,Library/Homebrew/cask,2,,merge
#23548,2026-08-17 08:12:34,2026-08-17 08:12:34,#23548 Prepare combined upgrade planning,Library/Homebrew/cask,2,,commit
#23547,2026-08-18 15:16:13,2026-08-19 13:06:35,#23547 Prepare batched package installation,Library/Homebrew,1,,
#23547,2026-08-19 13:06:35,2026-08-19 13:06:35,#23547 Prepare batched package installation,Library/Homebrew,2,,merge
#23547,2026-08-18 15:16:13,2026-08-18 15:16:13,#23547 Prepare batched package installation,Library/Homebrew,2,,commit
#23558,2026-08-18 18:31:37,2026-08-18 22:41:04,#23558 keg: skip linking some symlinks that point to ot,Library/Homebrew,1,,
#23558,2026-08-18 22:41:04,2026-08-18 22:41:04,#23558 keg: skip linking some symlinks that point to ot,Library/Homebrew,2,,merge
#23558,2026-08-18 18:31:37,2026-08-18 18:31:37,#23558 keg: skip linking some symlinks that point to ot,Library/Homebrew,2,,commit
#23557,2026-08-18 17:19:22,2026-08-18 17:44:14,#23557 Fix cask token in conflicts_with example,docs,1,,
#23557,2026-08-18 17:44:14,2026-08-18 17:44:14,#23557 Fix cask token in conflicts_with example,docs,2,,merge
#23557,2026-08-18 17:19:22,2026-08-18 17:19:22,#23557 Fix cask token in conflicts_with example,docs,2,,commit
#23556,2026-08-17 23:20:06,2026-08-18 07:57:26,#23556 cask/upgrade: preserve an unquarantined app's st,Library/Homebrew/cask,1,,
#23556,2026-08-18 07:57:26,2026-08-18 07:57:26,#23556 cask/upgrade: preserve an unquarantined app's st,Library/Homebrew/cask,2,,merge
#23556,2026-08-17 23:20:06,2026-08-17 23:20:06,#23556 cask/upgrade: preserve an unquarantined app's st,Library/Homebrew/cask,2,,commit
#23555,2026-08-14 22:19:14,2026-08-18 07:51:17,#23555 vulns: read the advisory index from formulae.bre,Library/Homebrew/vulns,1,,
#23555,2026-08-18 07:51:17,2026-08-18 07:51:17,#23555 vulns: read the advisory index from formulae.bre,Library/Homebrew/vulns,2,,merge
#23555,2026-08-14 22:19:14,2026-08-14 22:19:14,#23555 vulns: read the advisory index from formulae.bre,Library/Homebrew/vulns,2,,commit
#23554,2026-08-15 15:53:50,2026-08-18 07:51:12,#23554 rubocops/cask: add cops for all conditional stan,Library/Homebrew/rubocops,1,,
#23554,2026-08-18 07:51:12,2026-08-18 07:51:12,#23554 rubocops/cask: add cops for all conditional stan,Library/Homebrew/rubocops,2,,merge
#23554,2026-08-15 15:53:50,2026-08-15 15:53:50,#23554 rubocops/cask: add cops for all conditional stan,Library/Homebrew/rubocops,2,,commit
#23554,2026-08-15 23:05:51,2026-08-15 23:05:51,#23554 rubocops/cask: add cops for all conditional stan,Library/Homebrew/rubocops,2,,commit
#23554,2026-08-15 23:18:00,2026-08-15 23:18:00,#23554 rubocops/cask: add cops for all conditional stan,Library/Homebrew/rubocops,2,,commit
#23554,2026-08-16 22:50:51,2026-08-16 22:50:51,#23554 rubocops/cask: add cops for all conditional stan,Library/Homebrew/rubocops,2,,commit
#23546,2026-08-17 08:37:32,2026-08-17 18:30:58,#23546 cask/upgrade: mirror per-file quarantine approva,Library/Homebrew/cask,1,,
#23546,2026-08-17 18:30:58,2026-08-17 18:30:58,#23546 cask/upgrade: mirror per-file quarantine approva,Library/Homebrew/cask,2,,merge
#23546,2026-08-17 08:37:32,2026-08-17 08:37:32,#23546 cask/upgrade: mirror per-file quarantine approva,Library/Homebrew/cask,2,,commit
#23543,2026-08-16 19:21:43,2026-08-17 18:29:32,#23543 Clarify outdated cask version display,Library/Homebrew/cask,1,,
#23543,2026-08-17 18:29:32,2026-08-17 18:29:32,#23543 Clarify outdated cask version display,Library/Homebrew/cask,2,,merge
#23543,2026-08-16 19:21:43,2026-08-16 19:21:43,#23543 Clarify outdated cask version display,Library/Homebrew/cask,2,,commit
#23534,2026-08-15 18:32:43,2026-08-17 13:30:59,#23534 sorbet: Add a Tapioca compiler for `Cask::DSL` t,Library/Homebrew/sorbet,1,,
#23534,2026-08-17 13:30:59,2026-08-17 13:30:59,#23534 sorbet: Add a Tapioca compiler for `Cask::DSL` t,Library/Homebrew/sorbet,2,,merge
#23534,2026-08-15 18:32:43,2026-08-15 18:32:43,#23534 sorbet: Add a Tapioca compiler for `Cask::DSL` t,Library/Homebrew/sorbet,2,,commit
#23534,2026-08-15 20:12:05,2026-08-15 20:12:05,#23534 sorbet: Add a Tapioca compiler for `Cask::DSL` t,Library/Homebrew/sorbet,2,,commit
#23544,2026-08-16 22:30:39,2026-08-17 07:49:07,#23544 cli/parser: fix help crash with `--` arguments,Library/Homebrew/cli,1,,
#23544,2026-08-17 07:49:07,2026-08-17 07:49:07,#23544 cli/parser: fix help crash with `--` arguments,Library/Homebrew/cli,2,,merge
#23544,2026-08-16 22:30:39,2026-08-16 22:30:39,#23544 cli/parser: fix help crash with `--` arguments,Library/Homebrew/cli,2,,commit
#23062,2026-08-09 00:00:00,2026-08-17 07:48:21,#23062 Skip duplicate /v2/ when artifact domain already,Library/Homebrew/cmd,1,,
#23062,2026-08-17 07:48:21,2026-08-17 07:48:21,#23062 Skip duplicate /v2/ when artifact domain already,Library/Homebrew/cmd,2,,merge
#23533,2026-08-15 17:39:48,2026-08-17 07:47:52,#23533 Set oldest GCC to 8 to enable `-ffile-prefix-map,Library/Homebrew/shims,1,,
#23533,2026-08-17 07:47:52,2026-08-17 07:47:52,#23533 Set oldest GCC to 8 to enable `-ffile-prefix-map,Library/Homebrew/shims,2,,merge
#23533,2026-08-15 17:39:48,2026-08-15 17:39:48,#23533 Set oldest GCC to 8 to enable `-ffile-prefix-map,Library/Homebrew/shims,2,,commit
#23533,2026-08-16 16:32:41,2026-08-16 16:32:41,#23533 Set oldest GCC to 8 to enable `-ffile-prefix-map,Library/Homebrew/shims,2,,commit
#23542,2026-08-16 16:37:22,2026-08-17 07:47:25,#23542 audit: resolve untapped core dependencies,Library/Homebrew/dev-cmd,1,,
#23542,2026-08-17 07:47:25,2026-08-17 07:47:25,#23542 audit: resolve untapped core dependencies,Library/Homebrew/dev-cmd,2,,merge
#23542,2026-08-16 16:37:22,2026-08-16 16:37:22,#23542 audit: resolve untapped core dependencies,Library/Homebrew/dev-cmd,2,,commit
#23545,2026-08-16 23:12:23,2026-08-17 05:48:02,#23545 cask/upgrade: claim macOS may prompt rather than,Library/Homebrew/cask,1,,
#23545,2026-08-17 05:48:02,2026-08-17 05:48:02,#23545 cask/upgrade: claim macOS may prompt rather than,Library/Homebrew/cask,2,,merge
#23545,2026-08-16 23:12:23,2026-08-16 23:12:23,#23545 cask/upgrade: claim macOS may prompt rather than,Library/Homebrew/cask,2,,commit
#23541,2026-08-16 18:10:39,2026-08-16 20:44:53,#23541 Handle disappearing Landlock paths,Library/Homebrew/extend,1,,
#23541,2026-08-16 20:44:53,2026-08-16 20:44:53,#23541 Handle disappearing Landlock paths,Library/Homebrew/extend,2,,merge
#23541,2026-08-16 18:10:39,2026-08-16 18:10:39,#23541 Handle disappearing Landlock paths,Library/Homebrew/extend,2,,commit
#23540,2026-08-16 16:16:52,2026-08-16 18:08:07,#23540 Use internal JSON for update reports,Library/Homebrew/cmd,1,,
#23540,2026-08-16 18:08:07,2026-08-16 18:08:07,#23540 Use internal JSON for update reports,Library/Homebrew/cmd,2,,merge
#23540,2026-08-16 16:16:52,2026-08-16 16:16:52,#23540 Use internal JSON for update reports,Library/Homebrew/cmd,2,,commit
#23514,2026-08-13 22:28:06,2026-08-16 16:08:51,#23514 sandbox: keep terminal output translation on dur,Library/Homebrew,1,,
#23514,2026-08-16 16:08:51,2026-08-16 16:08:51,#23514 sandbox: keep terminal output translation on dur,Library/Homebrew,2,,merge
#23514,2026-08-13 22:28:06,2026-08-13 22:28:06,#23514 sandbox: keep terminal output translation on dur,Library/Homebrew,2,,commit
#23514,2026-08-14 08:22:28,2026-08-14 08:22:28,#23514 sandbox: keep terminal output translation on dur,Library/Homebrew,2,,commit
#23514,2026-08-16 10:11:29,2026-08-16 10:11:29,#23514 sandbox: keep terminal output translation on dur,Library/Homebrew,2,,commit
#23514,2026-08-16 10:21:44,2026-08-16 10:21:44,#23514 sandbox: keep terminal output translation on dur,Library/Homebrew,2,,commit
#23514,2026-08-16 10:48:27,2026-08-16 10:48:27,#23514 sandbox: keep terminal output translation on dur,Library/Homebrew,2,,commit
#23537,2026-08-16 08:16:31,2026-08-16 10:42:51,#23537 keg: create share/pwsh as a real directory when ,Library/Homebrew,1,,
#23537,2026-08-16 10:42:51,2026-08-16 10:42:51,#23537 keg: create share/pwsh as a real directory when ,Library/Homebrew,2,,merge
#23537,2026-08-16 08:16:31,2026-08-16 08:16:31,#23537 keg: create share/pwsh as a real directory when ,Library/Homebrew,2,,commit
#23536,2026-08-15 21:29:47,2026-08-16 03:15:39,#23536 utils/clang: allow Version type for kernel_versi,Library/Homebrew/utils,1,,
#23536,2026-08-16 03:15:39,2026-08-16 03:15:39,#23536 utils/clang: allow Version type for kernel_versi,Library/Homebrew/utils,2,,merge
#23536,2026-08-15 21:29:47,2026-08-15 21:29:47,#23536 utils/clang: allow Version type for kernel_versi,Library/Homebrew/utils,2,,commit
#23535,2026-08-15 21:12:08,2026-08-15 22:12:36,#23535 extend/ENV/super: remove outdated cccfg flag com,Library/Homebrew/extend,1,,
#23535,2026-08-15 22:12:36,2026-08-15 22:12:36,#23535 extend/ENV/super: remove outdated cccfg flag com,Library/Homebrew/extend,2,,merge
#23535,2026-08-15 21:12:08,2026-08-15 21:12:08,#23535 extend/ENV/super: remove outdated cccfg flag com,Library/Homebrew/extend,2,,commit
#23530,2026-08-14 22:19:03,2026-08-15 14:44:55,#23530 generate-advisories-api: add advisory index gene,Library/Homebrew/dev-cmd,1,,
#23530,2026-08-15 14:44:55,2026-08-15 14:44:55,#23530 generate-advisories-api: add advisory index gene,Library/Homebrew/dev-cmd,2,,merge
#23530,2026-08-14 22:19:03,2026-08-14 22:19:03,#23530 generate-advisories-api: add advisory index gene,Library/Homebrew/dev-cmd,2,,commit
#23515,2026-08-09 00:00:00,2026-08-15 07:40:09,#23515 Faster ``brew cleanup`` with many installed pack,Library/Homebrew,1,,
#23515,2026-08-15 07:40:09,2026-08-15 07:40:09,#23515 Faster ``brew cleanup`` with many installed pack,Library/Homebrew,2,,merge
#23515,2026-08-14 01:45:54,2026-08-14 01:45:54,#23515 Faster ``brew cleanup`` with many installed pack,Library/Homebrew,2,,commit
#23515,2026-08-15 03:59:18,2026-08-15 03:59:18,#23515 Faster ``brew cleanup`` with many installed pack,Library/Homebrew,2,,commit
#23515,2026-08-15 07:20:25,2026-08-15 07:20:25,#23515 Faster ``brew cleanup`` with many installed pack,Library/Homebrew,2,,commit
#23528,2026-08-14 16:13:27,2026-08-15 07:20:35,#23528 utils/curl: request headers when body is unused,Library/Homebrew/utils,1,,
#23528,2026-08-15 07:20:35,2026-08-15 07:20:35,#23528 utils/curl: request headers when body is unused,Library/Homebrew/utils,2,,merge
#23528,2026-08-14 16:13:27,2026-08-14 16:13:27,#23528 utils/curl: request headers when body is unused,Library/Homebrew/utils,2,,commit
#23532,2026-08-15 03:20:25,2026-08-15 07:20:03,#23532 rubocops/cask: add sha256 stanza ordering,Library/Homebrew/rubocops,1,,
#23532,2026-08-15 07:20:03,2026-08-15 07:20:03,#23532 rubocops/cask: add sha256 stanza ordering,Library/Homebrew/rubocops,2,,merge
#23532,2026-08-15 03:20:25,2026-08-15 03:20:25,#23532 rubocops/cask: add sha256 stanza ordering,Library/Homebrew/rubocops,2,,commit
#23529,2026-08-14 18:40:44,2026-08-14 19:08:19,#23529 utils/cpan: fail closed on non-CPAN and livechec,Library/Homebrew/utils,1,,
#23529,2026-08-14 19:08:19,2026-08-14 19:08:19,#23529 utils/cpan: fail closed on non-CPAN and livechec,Library/Homebrew/utils,2,,merge
#23529,2026-08-14 18:40:44,2026-08-14 18:40:44,#23529 utils/cpan: fail closed on non-CPAN and livechec,Library/Homebrew/utils,2,,commit
#23524,2026-08-14 14:31:19,2026-08-14 18:23:36,#23524 docs: clarify cask artifact OS guidance,docs,1,,
#23524,2026-08-14 18:23:36,2026-08-14 18:23:36,#23524 docs: clarify cask artifact OS guidance,docs,2,,merge
#23524,2026-08-14 14:31:19,2026-08-14 14:31:19,#23524 docs: clarify cask artifact OS guidance,docs,2,,commit
#23524,2026-08-14 18:04:11,2026-08-14 18:04:11,#23524 docs: clarify cask artifact OS guidance,docs,2,,commit
#23527,2026-08-14 16:33:35,2026-08-14 17:23:49,#23527 utils/cpan: add offline test coverage,Library/Homebrew/test,1,,
#23527,2026-08-14 17:23:49,2026-08-14 17:23:49,#23527 utils/cpan: add offline test coverage,Library/Homebrew/test,2,,merge
#23527,2026-08-14 16:33:35,2026-08-14 16:33:35,#23527 utils/cpan: add offline test coverage,Library/Homebrew/test,2,,commit
#23469,2026-08-09 00:00:00,2026-08-14 17:01:06,#23469 bundle: accept only remote sources for uv tools,Library/Homebrew/bundle,1,,
#23469,2026-08-14 17:01:06,2026-08-14 17:01:06,#23469 bundle: accept only remote sources for uv tools,Library/Homebrew/bundle,2,,merge
#23469,2026-08-12 19:26:30,2026-08-12 19:26:30,#23469 bundle: accept only remote sources for uv tools,Library/Homebrew/bundle,2,,commit
#23469,2026-08-12 19:35:08,2026-08-12 19:35:08,#23469 bundle: accept only remote sources for uv tools,Library/Homebrew/bundle,2,,commit
#23469,2026-08-14 16:37:25,2026-08-14 16:37:25,#23469 bundle: accept only remote sources for uv tools,Library/Homebrew/bundle,2,,commit
#23525,2026-08-14 16:21:10,2026-08-14 17:01:05,#23525 Keep one failure from aborting a batch install,Library/Homebrew,1,,
#23525,2026-08-14 17:01:05,2026-08-14 17:01:05,#23525 Keep one failure from aborting a batch install,Library/Homebrew,2,,merge
#23525,2026-08-14 16:21:10,2026-08-14 16:21:10,#23525 Keep one failure from aborting a batch install,Library/Homebrew,2,,commit
#23526,2026-08-14 15:56:34,2026-08-14 16:32:04,#23526 Record startup phases in `brew prof --timings`,Library/Homebrew,1,,
#23526,2026-08-14 16:32:04,2026-08-14 16:32:04,#23526 Record startup phases in `brew prof --timings`,Library/Homebrew,2,,merge
#23526,2026-08-14 15:56:34,2026-08-14 15:56:34,#23526 Record startup phases in `brew prof --timings`,Library/Homebrew,2,,commit
#23522,2026-08-14 08:09:29,2026-08-14 14:06:53,#23522 build(deps): bump the bundler group across 2 dir,Library/Homebrew/vendor,1,,
#23522,2026-08-14 14:06:53,2026-08-14 14:06:53,#23522 build(deps): bump the bundler group across 2 dir,Library/Homebrew/vendor,2,,merge
#23522,2026-08-14 08:09:29,2026-08-14 08:09:29,#23522 build(deps): bump the bundler group across 2 dir,Library/Homebrew/vendor,2,,commit
#23522,2026-08-14 08:10:22,2026-08-14 08:10:22,#23522 build(deps): bump the bundler group across 2 dir,Library/Homebrew/vendor,2,,commit
#23522,2026-08-14 08:10:32,2026-08-14 08:10:32,#23522 build(deps): bump the bundler group across 2 dir,Library/Homebrew/vendor,2,,commit
#23522,2026-08-14 13:50:49,2026-08-14 13:50:49,#23522 build(deps): bump the bundler group across 2 dir,Library/Homebrew/vendor,2,,commit
#23523,2026-08-14 08:17:00,2026-08-14 10:53:16,#23523 build(deps): bump the github-actions group acros,.github/workflows,1,,
#23523,2026-08-14 10:53:16,2026-08-14 10:53:16,#23523 build(deps): bump the github-actions group acros,.github/workflows,2,,merge
#23523,2026-08-14 08:17:00,2026-08-14 08:17:00,#23523 build(deps): bump the github-actions group acros,.github/workflows,2,,commit
#23518,2026-08-14 02:48:03,2026-08-14 10:53:08,#23518 cask/audit: anchor sha256 check to string,Library/Homebrew/cask,1,,
#23518,2026-08-14 10:53:08,2026-08-14 10:53:08,#23518 cask/audit: anchor sha256 check to string,Library/Homebrew/cask,2,,merge
#23518,2026-08-14 02:48:03,2026-08-14 02:48:03,#23518 cask/audit: anchor sha256 check to string,Library/Homebrew/cask,2,,commit
#23518,2026-08-14 07:26:47,2026-08-14 07:26:47,#23518 cask/audit: anchor sha256 check to string,Library/Homebrew/cask,2,,commit
#23516,2026-08-13 23:37:27,2026-08-14 08:28:08,#23516 advisory-match: add --repology to load a local i,Library/Homebrew/dev-cmd,1,,
#23516,2026-08-14 08:28:08,2026-08-14 08:28:08,#23516 advisory-match: add --repology to load a local i,Library/Homebrew/dev-cmd,2,,merge
#23516,2026-08-13 23:37:27,2026-08-13 23:37:27,#23516 advisory-match: add --repology to load a local i,Library/Homebrew/dev-cmd,2,,commit
#23517,2026-08-14 01:45:40,2026-08-14 07:42:11,#23517 utils/git: only mutate describe-cache when .git ,Library/Homebrew/utils,1,,
#23517,2026-08-14 07:42:11,2026-08-14 07:42:11,#23517 utils/git: only mutate describe-cache when .git ,Library/Homebrew/utils,2,,merge
#23517,2026-08-14 01:45:40,2026-08-14 01:45:40,#23517 utils/git: only mutate describe-cache when .git ,Library/Homebrew/utils,2,,commit
#23517,2026-08-14 07:20:17,2026-08-14 07:20:17,#23517 utils/git: only mutate describe-cache when .git ,Library/Homebrew/utils,2,,commit
#23520,2026-08-14 05:34:36,2026-08-14 07:20:45,#23520 Report progress when uploading bottles,Library/Homebrew,1,,
#23520,2026-08-14 07:20:45,2026-08-14 07:20:45,#23520 Report progress when uploading bottles,Library/Homebrew,2,,merge
#23520,2026-08-14 05:34:36,2026-08-14 05:34:36,#23520 Report progress when uploading bottles,Library/Homebrew,2,,commit
#23513,2026-08-12 20:12:40,2026-08-13 20:18:00,#23513 Stop inferring cask OS support from artifact typ,Library/Homebrew/cask,1,,
#23513,2026-08-13 20:18:00,2026-08-13 20:18:00,#23513 Stop inferring cask OS support from artifact typ,Library/Homebrew/cask,2,,merge
#23513,2026-08-12 20:12:40,2026-08-12 20:12:40,#23513 Stop inferring cask OS support from artifact typ,Library/Homebrew/cask,2,,commit
#23502,2026-08-12 02:05:37,2026-08-13 18:33:02,#23502 Publish multi-platform long runner image,.github/workflows,1,,
#23502,2026-08-13 18:33:02,2026-08-13 18:33:02,#23502 Publish multi-platform long runner image,.github/workflows,2,,merge
#23502,2026-08-12 02:05:37,2026-08-12 02:05:37,#23502 Publish multi-platform long runner image,.github/workflows,2,,commit
#23509,2026-08-13 08:33:15,2026-08-13 09:36:20,#23509 Show upgraded dependencies during installation,Library/Homebrew,1,,
#23509,2026-08-13 09:36:20,2026-08-13 09:36:20,#23509 Show upgraded dependencies during installation,Library/Homebrew,2,,merge
#23509,2026-08-13 08:33:15,2026-08-13 08:33:15,#23509 Show upgraded dependencies during installation,Library/Homebrew,2,,commit
#23508,2026-08-12 16:05:16,2026-08-13 09:30:44,#23508 Drop legacy option names when deserializing cask,Library/Homebrew/cask,1,,
#23508,2026-08-13 09:30:44,2026-08-13 09:30:44,#23508 Drop legacy option names when deserializing cask,Library/Homebrew/cask,2,,merge
#23508,2026-08-12 16:05:16,2026-08-12 16:05:16,#23508 Drop legacy option names when deserializing cask,Library/Homebrew/cask,2,,commit
#23508,2026-08-13 05:20:47,2026-08-13 05:20:47,#23508 Drop legacy option names when deserializing cask,Library/Homebrew/cask,2,,commit
#23504,2026-08-12 04:52:11,2026-08-12 16:20:36,"#23504 bump: retry, then skip packages on transient Git",Library/Homebrew,1,,
#23504,2026-08-12 16:20:36,2026-08-12 16:20:36,"#23504 bump: retry, then skip packages on transient Git",Library/Homebrew,2,,merge
#23504,2026-08-12 04:52:11,2026-08-12 04:52:11,"#23504 bump: retry, then skip packages on transient Git",Library/Homebrew,2,,commit
#23504,2026-08-12 09:12:02,2026-08-12 09:12:02,"#23504 bump: retry, then skip packages on transient Git",Library/Homebrew,2,,commit
#23504,2026-08-12 12:49:42,2026-08-12 12:49:42,"#23504 bump: retry, then skip packages on transient Git",Library/Homebrew,2,,commit
#23459,2026-08-09 00:00:00,2026-08-12 15:31:01,#23459 sbom: add purl external references for sources u,Library/Homebrew,1,,
#23459,2026-08-12 15:31:01,2026-08-12 15:31:01,#23459 sbom: add purl external references for sources u,Library/Homebrew,2,,merge
#23459,2026-08-12 14:54:24,2026-08-12 14:54:24,#23459 sbom: add purl external references for sources u,Library/Homebrew,2,,commit
#23505,2026-08-12 10:34:49,2026-08-12 14:45:55,#23505 Normalize hyphenated HOMEBREW_CASK_OPTS option n,Library/Homebrew/cask,1,,
#23505,2026-08-12 14:45:55,2026-08-12 14:45:55,#23505 Normalize hyphenated HOMEBREW_CASK_OPTS option n,Library/Homebrew/cask,2,,merge
#23505,2026-08-12 10:34:49,2026-08-12 10:34:49,#23505 Normalize hyphenated HOMEBREW_CASK_OPTS option n,Library/Homebrew/cask,2,,commit
#23505,2026-08-12 13:04:23,2026-08-12 13:04:23,#23505 Normalize hyphenated HOMEBREW_CASK_OPTS option n,Library/Homebrew/cask,2,,commit
#23505,2026-08-12 13:43:51,2026-08-12 13:43:51,#23505 Normalize hyphenated HOMEBREW_CASK_OPTS option n,Library/Homebrew/cask,2,,commit
#23505,2026-08-12 13:51:15,2026-08-12 13:51:15,#23505 Normalize hyphenated HOMEBREW_CASK_OPTS option n,Library/Homebrew/cask,2,,commit
#23506,2026-08-12 12:46:05,2026-08-12 13:41:14,#23506 cask: merge multiple `conflicts_with` stanzas,Library/Homebrew/cask,1,,
#23506,2026-08-12 13:41:14,2026-08-12 13:41:14,#23506 cask: merge multiple `conflicts_with` stanzas,Library/Homebrew/cask,2,,merge
#23506,2026-08-12 12:46:05,2026-08-12 12:46:05,#23506 cask: merge multiple `conflicts_with` stanzas,Library/Homebrew/cask,2,,commit
#23503,2026-08-12 05:29:32,2026-08-12 07:19:56,#23503 Add supported_platforms to cask API data,Library/Homebrew/cask,1,,
#23503,2026-08-12 07:19:56,2026-08-12 07:19:56,#23503 Add supported_platforms to cask API data,Library/Homebrew/cask,2,,merge
#23503,2026-08-12 05:29:32,2026-08-12 05:29:32,#23503 Add supported_platforms to cask API data,Library/Homebrew/cask,2,,commit
#23503,2026-08-12 05:29:38,2026-08-12 05:29:38,#23503 Add supported_platforms to cask API data,Library/Homebrew/cask,2,,commit
#23501,2026-08-11 20:31:48,2026-08-12 01:03:16,#23501 Report unavailable cask platforms accurately,Library/Homebrew/cask,1,,
#23501,2026-08-12 01:03:16,2026-08-12 01:03:16,#23501 Report unavailable cask platforms accurately,Library/Homebrew/cask,2,,merge
#23501,2026-08-11 20:31:48,2026-08-11 20:31:48,#23501 Report unavailable cask platforms accurately,Library/Homebrew/cask,2,,commit
#23500,2026-08-11 20:15:06,2026-08-11 23:27:35,#23500 Fix role used to push to ECR,.github/workflows,1,,
#23500,2026-08-11 23:27:35,2026-08-11 23:27:35,#23500 Fix role used to push to ECR,.github/workflows,2,,merge
#23500,2026-08-11 20:15:06,2026-08-11 20:15:06,#23500 Fix role used to push to ECR,.github/workflows,2,,commit
#23496,2026-08-11 12:04:35,2026-08-11 21:01:25,#23496 Use cask dependencies for platform support,Library/Homebrew/cask,1,,
#23496,2026-08-11 21:01:25,2026-08-11 21:01:25,#23496 Use cask dependencies for platform support,Library/Homebrew/cask,2,,merge
#23496,2026-08-11 12:04:35,2026-08-11 12:04:35,#23496 Use cask dependencies for platform support,Library/Homebrew/cask,2,,commit
#23499,2026-08-11 18:36:42,2026-08-11 19:41:19,#23499 Avoid nil cask versions during installation,Library/Homebrew/cask,1,,
#23499,2026-08-11 19:41:19,2026-08-11 19:41:19,#23499 Avoid nil cask versions during installation,Library/Homebrew/cask,2,,merge
#23499,2026-08-11 18:36:42,2026-08-11 18:36:42,#23499 Avoid nil cask versions during installation,Library/Homebrew/cask,2,,commit
#23345,2026-08-09 00:00:00,2026-08-11 16:34:32,#23345 Build and publish large runner docker image,.github/scripts,1,,
#23345,2026-08-11 16:34:32,2026-08-11 16:34:32,#23345 Build and publish large runner docker image,.github/scripts,2,,merge
#23497,2026-08-11 11:02:16,2026-08-11 12:06:46,#23497 Allow cask runs to access the network,Library/Homebrew/cask,1,,
#23497,2026-08-11 12:06:46,2026-08-11 12:06:46,#23497 Allow cask runs to access the network,Library/Homebrew/cask,2,,merge
#23497,2026-08-11 11:02:16,2026-08-11 11:02:16,#23497 Allow cask runs to access the network,Library/Homebrew/cask,2,,commit
#23491,2026-08-11 07:22:13,2026-08-11 07:41:30,#23491 Report skipped dependent upgrades,Library/Homebrew/cmd,1,,
#23491,2026-08-11 07:41:30,2026-08-11 07:41:30,#23491 Report skipped dependent upgrades,Library/Homebrew/cmd,2,,merge
#23491,2026-08-11 07:22:13,2026-08-11 07:22:13,#23491 Report skipped dependent upgrades,Library/Homebrew/cmd,2,,commit
#23488,2026-08-10 10:33:55,2026-08-10 13:42:50,#23488 sbom: build pkg:brew purls via Vulns::Purl,Library/Homebrew,1,,
#23488,2026-08-10 13:42:50,2026-08-10 13:42:50,#23488 sbom: build pkg:brew purls via Vulns::Purl,Library/Homebrew,2,,merge
#23488,2026-08-10 10:33:55,2026-08-10 10:33:55,#23488 sbom: build pkg:brew purls via Vulns::Purl,Library/Homebrew,2,,commit
#23481,2026-08-09 17:01:47,2026-08-10 08:02:10,#23481 Introduce python_major_minor_version DSL,Library/Homebrew,1,,
#23481,2026-08-10 08:02:10,2026-08-10 08:02:10,#23481 Introduce python_major_minor_version DSL,Library/Homebrew,2,,merge
#23481,2026-08-09 17:01:47,2026-08-09 17:01:47,#23481 Introduce python_major_minor_version DSL,Library/Homebrew,2,,commit
#23487,2026-08-10 05:45:26,2026-08-10 07:25:20,#23487 livecheck: fix throttle detached head on CI,Library/Homebrew/livecheck,1,,
#23487,2026-08-10 07:25:20,2026-08-10 07:25:20,#23487 livecheck: fix throttle detached head on CI,Library/Homebrew/livecheck,2,,merge
#23487,2026-08-10 05:45:26,2026-08-10 05:45:26,#23487 livecheck: fix throttle detached head on CI,Library/Homebrew/livecheck,2,,commit
#23487,2026-08-10 06:56:43,2026-08-10 06:56:43,#23487 livecheck: fix throttle detached head on CI,Library/Homebrew/livecheck,2,,commit
#23484,2026-08-10 01:56:06,2026-08-10 06:55:17,#23484 install_steps: allow `run` steps to ignore failu,docs,1,,
#23484,2026-08-10 06:55:17,2026-08-10 06:55:17,#23484 install_steps: allow `run` steps to ignore failu,docs,2,,merge
#23484,2026-08-10 01:56:06,2026-08-10 01:56:06,#23484 install_steps: allow `run` steps to ignore failu,docs,2,,commit
#23480,2026-08-09 15:12:22,2026-08-09 18:24:26,#23480 formula: add std_swift_args,Library/Homebrew/extend,1,,
#23480,2026-08-09 18:24:26,2026-08-09 18:24:26,#23480 formula: add std_swift_args,Library/Homebrew/extend,2,,merge
#23480,2026-08-09 15:12:22,2026-08-09 15:12:22,#23480 formula: add std_swift_args,Library/Homebrew/extend,2,,commit
#23478,2026-08-09 13:41:14,2026-08-09 15:09:53,#23478 Preserve false values in Cask artifact serializa,Library/Homebrew/api,1,,
#23478,2026-08-09 15:09:53,2026-08-09 15:09:53,#23478 Preserve false values in Cask artifact serializa,Library/Homebrew/api,2,,merge
#23478,2026-08-09 13:41:14,2026-08-09 13:41:14,#23478 Preserve false values in Cask artifact serializa,Library/Homebrew/api,2,,commit
#23464,2026-08-09 00:00:00,2026-08-09 10:51:47,#23464 service: fix caveat for SSH sessions,Library/Homebrew/services,1,,
#23464,2026-08-09 10:51:47,2026-08-09 10:51:47,#23464 service: fix caveat for SSH sessions,Library/Homebrew/services,2,,merge
#23476,2026-08-09 03:56:31,2026-08-09 10:49:59,#23476 Allow sudo in sandboxed Cask install steps,Library/Homebrew,1,,
#23476,2026-08-09 10:49:59,2026-08-09 10:49:59,#23476 Allow sudo in sandboxed Cask install steps,Library/Homebrew,2,,merge
#23476,2026-08-09 03:56:31,2026-08-09 03:56:31,#23476 Allow sudo in sandboxed Cask install steps,Library/Homebrew,2,,commit
#23476,2026-08-09 06:17:51,2026-08-09 06:17:51,#23476 Allow sudo in sandboxed Cask install steps,Library/Homebrew,2,,commit
#23477,2026-08-09 07:30:26,2026-08-09 10:22:59,#23477 util: spdx license tag limit from 256 to 255,Library/Homebrew/utils,1,,
#23477,2026-08-09 10:22:59,2026-08-09 10:22:59,#23477 util: spdx license tag limit from 256 to 255,Library/Homebrew/utils,2,,merge
#23477,2026-08-09 07:30:26,2026-08-09 07:30:26,#23477 util: spdx license tag limit from 256 to 255,Library/Homebrew/utils,2,,commit
#23475,2026-08-09 00:00:00,2026-08-09 01:56:59,#23475 Enforce structured install step authoring,Library/Homebrew/rubocops,1,,
#23475,2026-08-09 01:56:59,2026-08-09 01:56:59,#23475 Enforce structured install step authoring,Library/Homebrew/rubocops,2,,merge
